file,line,type,commit,author,date,time,timezone,datetime,depth,length
style.css,1,css,6f106eb4,NainikaSai09,2026-04-01,21:32:05,-07:00,2026-04-01T21:32:05-07:00,0,33
style.css,2,css,09bfde45,NainikaSai09,2026-04-14,14:20:37,-07:00,2026-04-14T14:20:37-07:00,0,4
style.css,3,css,09bfde45,NainikaSai09,2026-04-14,14:20:37,-07:00,2026-04-14T14:20:37-07:00,1,23
style.css,4,css,09bfde45,NainikaSai09,2026-04-14,14:20:37,-07:00,2026-04-14T14:20:37-07:00,0,0
style.css,5,css,f785317b,NainikaSai09,2026-04-06,10:40:50,-07:00,2026-04-06T10:40:50-07:00,0,0
style.css,6,css,f785317b,NainikaSai09,2026-04-06,10:40:50,-07:00,2026-04-06T10:40:50-07:00,0,5
style.css,7,css,f785317b,NainikaSai09,2026-04-06,10:40:50,-07:00,2026-04-06T10:40:50-07:00,1,45
style.css,8,css,f785317b,NainikaSai09,2026-04-06,10:40:50,-07:00,2026-04-06T10:40:50-07:00,0,0
style.css,9,css,f785317b,NainikaSai09,2026-04-06,10:40:50,-07:00,2026-04-06T10:40:50-07:00,0,0
style.css,10,css,f785317b,NainikaSai09,2026-04-06,10:40:50,-07:00,2026-04-06T10:40:50-07:00,0,50
style.css,11,css,6f106eb4,NainikaSai09,2026-04-01,21:32:05,-07:00,2026-04-01T21:32:05-07:00,0,4
style.css,12,css,6f106eb4,NainikaSai09,2026-04-01,21:32:05,-07:00,2026-04-01T21:32:05-07:00,1,43
style.css,13,css,6f106eb4,NainikaSai09,2026-04-01,21:32:05,-07:00,2026-04-01T21:32:05-07:00,2,42
style.css,14,css,6f106eb4,NainikaSai09,2026-04-01,21:32:05,-07:00,2026-04-01T21:32:05-07:00,1,0
style.css,15,css,6f106eb4,NainikaSai09,2026-04-01,21:32:05,-07:00,2026-04-01T21:32:05-07:00,1,23
style.css,16,css,f785317b,NainikaSai09,2026-04-06,10:40:50,-07:00,2026-04-06T10:40:50-07:00,1,15
style.css,17,css,f785317b,NainikaSai09,2026-04-06,10:40:50,-07:00,2026-04-06T10:40:50-07:00,1,18
style.css,18,css,f785317b,NainikaSai09,2026-04-06,10:40:50,-07:00,2026-04-06T10:40:50-07:00,1,11
style.css,19,css,f785317b,NainikaSai09,2026-04-06,10:40:50,-07:00,2026-04-06T10:40:50-07:00,0,0
style.css,20,css,f785317b,NainikaSai09,2026-04-06,10:40:50,-07:00,2026-04-06T10:40:50-07:00,0,0
style.css,21,css,f785317b,NainikaSai09,2026-04-06,10:40:50,-07:00,2026-04-06T10:40:50-07:00,0,0
style.css,22,css,f785317b,NainikaSai09,2026-04-06,10:40:50,-07:00,2026-04-06T10:40:50-07:00,0,39
style.css,23,css,f785317b,NainikaSai09,2026-04-06,10:40:50,-07:00,2026-04-06T10:40:50-07:00,0,3
style.css,24,css,f785317b,NainikaSai09,2026-04-06,10:40:50,-07:00,2026-04-06T10:40:50-07:00,1,12
style.css,25,css,f785317b,NainikaSai09,2026-04-06,10:40:50,-07:00,2026-04-06T10:40:50-07:00,1,17
style.css,26,css,09bfde45,NainikaSai09,2026-04-14,14:20:37,-07:00,2026-04-14T14:20:37-07:00,0,0
style.css,27,css,09bfde45,NainikaSai09,2026-04-14,14:20:37,-07:00,2026-04-14T14:20:37-07:00,1,39
style.css,28,css,09bfde45,NainikaSai09,2026-04-14,14:20:37,-07:00,2026-04-14T14:20:37-07:00,1,43
style.css,29,css,f785317b,NainikaSai09,2026-04-06,10:40:50,-07:00,2026-04-06T10:40:50-07:00,0,0
style.css,30,css,f785317b,NainikaSai09,2026-04-06,10:40:50,-07:00,2026-04-06T10:40:50-07:00,0,0
style.css,31,css,f785317b,NainikaSai09,2026-04-06,10:40:50,-07:00,2026-04-06T10:40:50-07:00,0,37
style.css,32,css,f785317b,NainikaSai09,2026-04-06,10:40:50,-07:00,2026-04-06T10:40:50-07:00,0,5
style.css,33,css,f785317b,NainikaSai09,2026-04-06,10:40:50,-07:00,2026-04-06T10:40:50-07:00,1,6
style.css,34,css,f785317b,NainikaSai09,2026-04-06,10:40:50,-07:00,2026-04-06T10:40:50-07:00,1,17
style.css,35,css,f785317b,NainikaSai09,2026-04-06,10:40:50,-07:00,2026-04-06T10:40:50-07:00,1,20
style.css,36,css,f785317b,NainikaSai09,2026-04-06,10:40:50,-07:00,2026-04-06T10:40:50-07:00,1,13
style.css,37,css,f785317b,NainikaSai09,2026-04-06,10:40:50,-07:00,2026-04-06T10:40:50-07:00,1,13
style.css,38,css,f785317b,NainikaSai09,2026-04-06,10:40:50,-07:00,2026-04-06T10:40:50-07:00,0,0
style.css,39,css,f785317b,NainikaSai09,2026-04-06,10:40:50,-07:00,2026-04-06T10:40:50-07:00,0,0
style.css,40,css,f785317b,NainikaSai09,2026-04-06,10:40:50,-07:00,2026-04-06T10:40:50-07:00,0,35
style.css,41,css,f785317b,NainikaSai09,2026-04-06,10:40:50,-07:00,2026-04-06T10:40:50-07:00,0,13
style.css,42,css,f785317b,NainikaSai09,2026-04-06,10:40:50,-07:00,2026-04-06T10:40:50-07:00,1,45
style.css,43,css,f785317b,NainikaSai09,2026-04-06,10:40:50,-07:00,2026-04-06T10:40:50-07:00,1,20
style.css,44,css,f785317b,NainikaSai09,2026-04-06,10:40:50,-07:00,2026-04-06T10:40:50-07:00,0,0
style.css,45,css,f785317b,NainikaSai09,2026-04-06,10:40:50,-07:00,2026-04-06T10:40:50-07:00,0,0
style.css,46,css,f785317b,NainikaSai09,2026-04-06,10:40:50,-07:00,2026-04-06T10:40:50-07:00,0,42
style.css,47,css,f785317b,NainikaSai09,2026-04-06,10:40:50,-07:00,2026-04-06T10:40:50-07:00,0,11
style.css,48,css,f785317b,NainikaSai09,2026-04-06,10:40:50,-07:00,2026-04-06T10:40:50-07:00,1,45
style.css,49,css,09bfde45,NainikaSai09,2026-04-14,14:20:37,-07:00,2026-04-14T14:20:37-07:00,1,69
style.css,50,css,6f106eb4,NainikaSai09,2026-04-01,21:32:05,-07:00,2026-04-01T21:32:05-07:00,0,0
style.css,51,css,6f106eb4,NainikaSai09,2026-04-01,21:32:05,-07:00,2026-04-01T21:32:05-07:00,0,0
style.css,52,css,6f106eb4,NainikaSai09,2026-04-01,21:32:05,-07:00,2026-04-01T21:32:05-07:00,0,2
style.css,53,css,09bfde45,NainikaSai09,2026-04-14,14:20:37,-07:00,2026-04-14T14:20:37-07:00,1,16
style.css,54,css,6f106eb4,NainikaSai09,2026-04-01,21:32:05,-07:00,2026-04-01T21:32:05-07:00,0,0
style.css,55,css,6f106eb4,NainikaSai09,2026-04-01,21:32:05,-07:00,2026-04-01T21:32:05-07:00,0,0
style.css,56,css,6f106eb4,NainikaSai09,2026-04-01,21:32:05,-07:00,2026-04-01T21:32:05-07:00,0,1
style.css,57,css,09bfde45,NainikaSai09,2026-04-14,14:20:37,-07:00,2026-04-14T14:20:37-07:00,1,16
style.css,58,css,6f106eb4,NainikaSai09,2026-04-01,21:32:05,-07:00,2026-04-01T21:32:05-07:00,0,0
style.css,59,css,6f106eb4,NainikaSai09,2026-04-01,21:32:05,-07:00,2026-04-01T21:32:05-07:00,0,0
style.css,60,css,6f106eb4,NainikaSai09,2026-04-01,21:32:05,-07:00,2026-04-01T21:32:05-07:00,0,3
style.css,61,css,6f106eb4,NainikaSai09,2026-04-01,21:32:05,-07:00,2026-04-01T21:32:05-07:00,1,13
style.css,62,css,6f106eb4,NainikaSai09,2026-04-01,21:32:05,-07:00,2026-04-01T21:32:05-07:00,1,15
style.css,63,css,6f106eb4,NainikaSai09,2026-04-01,21:32:05,-07:00,2026-04-01T21:32:05-07:00,1,18
style.css,64,css,0563d8b4,NainikaSai09,2026-04-02,13:21:32,-07:00,2026-04-02T13:21:32-07:00,1,14
style.css,65,css,0563d8b4,NainikaSai09,2026-04-02,13:21:32,-07:00,2026-04-02T13:21:32-07:00,1,11
style.css,66,css,f785317b,NainikaSai09,2026-04-06,10:40:50,-07:00,2026-04-06T10:40:50-07:00,0,0
style.css,67,css,f785317b,NainikaSai09,2026-04-06,10:40:50,-07:00,2026-04-06T10:40:50-07:00,0,0
style.css,68,css,f785317b,NainikaSai09,2026-04-06,10:40:50,-07:00,2026-04-06T10:40:50-07:00,0,0
style.css,69,css,f785317b,NainikaSai09,2026-04-06,10:40:50,-07:00,2026-04-06T10:40:50-07:00,0,19
style.css,70,css,f785317b,NainikaSai09,2026-04-06,10:40:50,-07:00,2026-04-06T10:40:50-07:00,0,23
style.css,71,css,f785317b,NainikaSai09,2026-04-06,10:40:50,-07:00,2026-04-06T10:40:50-07:00,1,12
style.css,72,css,f785317b,NainikaSai09,2026-04-06,10:40:50,-07:00,2026-04-06T10:40:50-07:00,0,0
style.css,73,css,f785317b,NainikaSai09,2026-04-06,10:40:50,-07:00,2026-04-06T10:40:50-07:00,0,0
style.css,74,css,f785317b,NainikaSai09,2026-04-06,10:40:50,-07:00,2026-04-06T10:40:50-07:00,0,15
style.css,75,css,f785317b,NainikaSai09,2026-04-06,10:40:50,-07:00,2026-04-06T10:40:50-07:00,0,4
style.css,76,css,f785317b,NainikaSai09,2026-04-06,10:40:50,-07:00,2026-04-06T10:40:50-07:00,1,12
style.css,77,css,f785317b,NainikaSai09,2026-04-06,10:40:50,-07:00,2026-04-06T10:40:50-07:00,1,30
style.css,78,css,f785317b,NainikaSai09,2026-04-06,10:40:50,-07:00,2026-04-06T10:40:50-07:00,1,7
style.css,79,css,f785317b,NainikaSai09,2026-04-06,10:40:50,-07:00,2026-04-06T10:40:50-07:00,0,0
style.css,80,css,f785317b,NainikaSai09,2026-04-06,10:40:50,-07:00,2026-04-06T10:40:50-07:00,0,0
style.css,81,css,f785317b,NainikaSai09,2026-04-06,10:40:50,-07:00,2026-04-06T10:40:50-07:00,0,5
style.css,82,css,09bfde45,NainikaSai09,2026-04-14,14:20:37,-07:00,2026-04-14T14:20:37-07:00,1,13
style.css,83,css,f785317b,NainikaSai09,2026-04-06,10:40:50,-07:00,2026-04-06T10:40:50-07:00,0,0
style.css,84,css,f785317b,NainikaSai09,2026-04-06,10:40:50,-07:00,2026-04-06T10:40:50-07:00,0,0
style.css,85,css,f785317b,NainikaSai09,2026-04-06,10:40:50,-07:00,2026-04-06T10:40:50-07:00,0,15
style.css,86,css,f785317b,NainikaSai09,2026-04-06,10:40:50,-07:00,2026-04-06T10:40:50-07:00,1,10
style.css,87,css,f785317b,NainikaSai09,2026-04-06,10:40:50,-07:00,2026-04-06T10:40:50-07:00,0,0
style.css,88,css,f785317b,NainikaSai09,2026-04-06,10:40:50,-07:00,2026-04-06T10:40:50-07:00,0,0
style.css,89,css,f785317b,NainikaSai09,2026-04-06,10:40:50,-07:00,2026-04-06T10:40:50-07:00,0,6
style.css,90,css,f785317b,NainikaSai09,2026-04-06,10:40:50,-07:00,2026-04-06T10:40:50-07:00,1,18
style.css,91,css,f785317b,NainikaSai09,2026-04-06,10:40:50,-07:00,2026-04-06T10:40:50-07:00,0,0
style.css,92,css,f785317b,NainikaSai09,2026-04-06,10:40:50,-07:00,2026-04-06T10:40:50-07:00,0,0
style.css,93,css,f785317b,NainikaSai09,2026-04-06,10:40:50,-07:00,2026-04-06T10:40:50-07:00,0,0
style.css,94,css,f785317b,NainikaSai09,2026-04-06,10:40:50,-07:00,2026-04-06T10:40:50-07:00,0,24
style.css,95,css,f785317b,NainikaSai09,2026-04-06,10:40:50,-07:00,2026-04-06T10:40:50-07:00,0,9
style.css,96,css,f785317b,NainikaSai09,2026-04-06,10:40:50,-07:00,2026-04-06T10:40:50-07:00,1,12
style.css,97,css,f785317b,NainikaSai09,2026-04-06,10:40:50,-07:00,2026-04-06T10:40:50-07:00,1,58
style.css,98,css,f785317b,NainikaSai09,2026-04-06,10:40:50,-07:00,2026-04-06T10:40:50-07:00,1,7
style.css,99,css,f785317b,NainikaSai09,2026-04-06,10:40:50,-07:00,2026-04-06T10:40:50-07:00,0,0
style.css,100,css,f785317b,NainikaSai09,2026-04-06,10:40:50,-07:00,2026-04-06T10:40:50-07:00,0,0
style.css,101,css,f785317b,NainikaSai09,2026-04-06,10:40:50,-07:00,2026-04-06T10:40:50-07:00,0,26
style.css,102,css,f785317b,NainikaSai09,2026-04-06,10:40:50,-07:00,2026-04-06T10:40:50-07:00,0,17
style.css,103,css,f785317b,NainikaSai09,2026-04-06,10:40:50,-07:00,2026-04-06T10:40:50-07:00,1,12
style.css,104,css,f785317b,NainikaSai09,2026-04-06,10:40:50,-07:00,2026-04-06T10:40:50-07:00,1,26
style.css,105,css,f785317b,NainikaSai09,2026-04-06,10:40:50,-07:00,2026-04-06T10:40:50-07:00,1,15
style.css,106,css,f785317b,NainikaSai09,2026-04-06,10:40:50,-07:00,2026-04-06T10:40:50-07:00,1,7
style.css,107,css,f785317b,NainikaSai09,2026-04-06,10:40:50,-07:00,2026-04-06T10:40:50-07:00,0,0
style.css,108,css,f785317b,NainikaSai09,2026-04-06,10:40:50,-07:00,2026-04-06T10:40:50-07:00,0,0
style.css,109,css,f785317b,NainikaSai09,2026-04-06,10:40:50,-07:00,2026-04-06T10:40:50-07:00,0,12
style.css,110,css,f785317b,NainikaSai09,2026-04-06,10:40:50,-07:00,2026-04-06T10:40:50-07:00,1,8
style.css,111,css,f785317b,NainikaSai09,2026-04-06,10:40:50,-07:00,2026-04-06T10:40:50-07:00,0,0
style.css,112,css,f785317b,NainikaSai09,2026-04-06,10:40:50,-07:00,2026-04-06T10:40:50-07:00,0,0
style.css,113,css,f785317b,NainikaSai09,2026-04-06,10:40:50,-07:00,2026-04-06T10:40:50-07:00,0,25
style.css,114,css,f785317b,NainikaSai09,2026-04-06,10:40:50,-07:00,2026-04-06T10:40:50-07:00,0,2
style.css,115,css,f785317b,NainikaSai09,2026-04-06,10:40:50,-07:00,2026-04-06T10:40:50-07:00,1,14
style.css,116,css,f785317b,NainikaSai09,2026-04-06,10:40:50,-07:00,2026-04-06T10:40:50-07:00,0,0
style.css,117,css,f785317b,NainikaSai09,2026-04-06,10:40:50,-07:00,2026-04-06T10:40:50-07:00,0,0
style.css,118,css,f785317b,NainikaSai09,2026-04-06,10:40:50,-07:00,2026-04-06T10:40:50-07:00,0,22
style.css,119,css,f785317b,NainikaSai09,2026-04-06,10:40:50,-07:00,2026-04-06T10:40:50-07:00,1,15
style.css,120,css,f785317b,NainikaSai09,2026-04-06,10:40:50,-07:00,2026-04-06T10:40:50-07:00,1,17
style.css,121,css,f785317b,NainikaSai09,2026-04-06,10:40:50,-07:00,2026-04-06T10:40:50-07:00,0,0
style.css,122,css,f785317b,NainikaSai09,2026-04-06,10:40:50,-07:00,2026-04-06T10:40:50-07:00,0,0
style.css,123,css,f785317b,NainikaSai09,2026-04-06,10:40:50,-07:00,2026-04-06T10:40:50-07:00,0,17
style.css,124,css,f785317b,NainikaSai09,2026-04-06,10:40:50,-07:00,2026-04-06T10:40:50-07:00,1,11
style.css,125,css,f785317b,NainikaSai09,2026-04-06,10:40:50,-07:00,2026-04-06T10:40:50-07:00,1,21
style.css,126,css,f785317b,NainikaSai09,2026-04-06,10:40:50,-07:00,2026-04-06T10:40:50-07:00,1,17
style.css,127,css,f785317b,NainikaSai09,2026-04-06,10:40:50,-07:00,2026-04-06T10:40:50-07:00,0,0
style.css,128,css,f785317b,NainikaSai09,2026-04-06,10:40:50,-07:00,2026-04-06T10:40:50-07:00,0,0
style.css,129,css,f785317b,NainikaSai09,2026-04-06,10:40:50,-07:00,2026-04-06T10:40:50-07:00,0,23
style.css,130,css,f785317b,NainikaSai09,2026-04-06,10:40:50,-07:00,2026-04-06T10:40:50-07:00,0,7
style.css,131,css,f785317b,NainikaSai09,2026-04-06,10:40:50,-07:00,2026-04-06T10:40:50-07:00,1,14
style.css,132,css,f785317b,NainikaSai09,2026-04-06,10:40:50,-07:00,2026-04-06T10:40:50-07:00,1,11
style.css,133,css,f785317b,NainikaSai09,2026-04-06,10:40:50,-07:00,2026-04-06T10:40:50-07:00,1,15
style.css,134,css,f785317b,NainikaSai09,2026-04-06,10:40:50,-07:00,2026-04-06T10:40:50-07:00,0,0
style.css,135,css,f785317b,NainikaSai09,2026-04-06,10:40:50,-07:00,2026-04-06T10:40:50-07:00,0,0
style.css,136,css,f785317b,NainikaSai09,2026-04-06,10:40:50,-07:00,2026-04-06T10:40:50-07:00,0,11
style.css,137,css,f785317b,NainikaSai09,2026-04-06,10:40:50,-07:00,2026-04-06T10:40:50-07:00,1,16
style.css,138,css,f785317b,NainikaSai09,2026-04-06,10:40:50,-07:00,2026-04-06T10:40:50-07:00,1,10
style.css,139,css,f785317b,NainikaSai09,2026-04-06,10:40:50,-07:00,2026-04-06T10:40:50-07:00,0,0
style.css,140,css,f785317b,NainikaSai09,2026-04-06,10:40:50,-07:00,2026-04-06T10:40:50-07:00,0,7
style.css,141,css,f785317b,NainikaSai09,2026-04-06,10:40:50,-07:00,2026-04-06T10:40:50-07:00,1,17
style.css,142,css,f785317b,NainikaSai09,2026-04-06,10:40:50,-07:00,2026-04-06T10:40:50-07:00,0,0
style.css,143,css,f785317b,NainikaSai09,2026-04-06,10:40:50,-07:00,2026-04-06T10:40:50-07:00,0,10
style.css,144,css,f785317b,NainikaSai09,2026-04-06,10:40:50,-07:00,2026-04-06T10:40:50-07:00,1,43
style.css,145,css,f785317b,NainikaSai09,2026-04-06,10:40:50,-07:00,2026-04-06T10:40:50-07:00,1,20
style.css,146,css,f785317b,NainikaSai09,2026-04-06,10:40:50,-07:00,2026-04-06T10:40:50-07:00,1,19
style.css,147,css,f785317b,NainikaSai09,2026-04-06,10:40:50,-07:00,2026-04-06T10:40:50-07:00,1,15
style.css,148,css,f785317b,NainikaSai09,2026-04-06,10:40:50,-07:00,2026-04-06T10:40:50-07:00,0,0
style.css,149,css,f785317b,NainikaSai09,2026-04-06,10:40:50,-07:00,2026-04-06T10:40:50-07:00,0,0
style.css,150,css,f785317b,NainikaSai09,2026-04-06,10:40:50,-07:00,2026-04-06T10:40:50-07:00,0,7
style.css,151,css,f785317b,NainikaSai09,2026-04-06,10:40:50,-07:00,2026-04-06T10:40:50-07:00,1,19
style.css,152,css,f785317b,NainikaSai09,2026-04-06,10:40:50,-07:00,2026-04-06T10:40:50-07:00,0,0
style.css,153,css,f785317b,NainikaSai09,2026-04-06,10:40:50,-07:00,2026-04-06T10:40:50-07:00,0,0
style.css,154,css,f785317b,NainikaSai09,2026-04-06,10:40:50,-07:00,2026-04-06T10:40:50-07:00,0,10
style.css,155,css,f785317b,NainikaSai09,2026-04-06,10:40:50,-07:00,2026-04-06T10:40:50-07:00,1,8
style.css,156,css,f785317b,NainikaSai09,2026-04-06,10:40:50,-07:00,2026-04-06T10:40:50-07:00,1,16
style.css,157,css,f785317b,NainikaSai09,2026-04-06,10:40:50,-07:00,2026-04-06T10:40:50-07:00,1,15
style.css,158,css,f785317b,NainikaSai09,2026-04-06,10:40:50,-07:00,2026-04-06T10:40:50-07:00,0,0
style.css,159,css,f785317b,NainikaSai09,2026-04-06,10:40:50,-07:00,2026-04-06T10:40:50-07:00,0,0
style.css,160,css,f785317b,NainikaSai09,2026-04-06,10:40:50,-07:00,2026-04-06T10:40:50-07:00,0,4
style.css,161,css,f785317b,NainikaSai09,2026-04-06,10:40:50,-07:00,2026-04-06T10:40:50-07:00,1,13
style.css,162,css,f785317b,NainikaSai09,2026-04-06,10:40:50,-07:00,2026-04-06T10:40:50-07:00,1,15
style.css,163,css,f785317b,NainikaSai09,2026-04-06,10:40:50,-07:00,2026-04-06T10:40:50-07:00,1,10
style.css,164,css,f785317b,NainikaSai09,2026-04-06,10:40:50,-07:00,2026-04-06T10:40:50-07:00,1,19
style.css,165,css,f785317b,NainikaSai09,2026-04-06,10:40:50,-07:00,2026-04-06T10:40:50-07:00,0,0
style.css,166,css,f785317b,NainikaSai09,2026-04-06,10:40:50,-07:00,2026-04-06T10:40:50-07:00,0,0
style.css,167,css,f785317b,NainikaSai09,2026-04-06,10:40:50,-07:00,2026-04-06T10:40:50-07:00,0,2
style.css,168,css,f785317b,NainikaSai09,2026-04-06,10:40:50,-07:00,2026-04-06T10:40:50-07:00,1,26
style.css,169,css,f785317b,NainikaSai09,2026-04-06,10:40:50,-07:00,2026-04-06T10:40:50-07:00,0,0
style.css,170,css,f785317b,NainikaSai09,2026-04-06,10:40:50,-07:00,2026-04-06T10:40:50-07:00,0,0
style.css,171,css,f785317b,NainikaSai09,2026-04-06,10:40:50,-07:00,2026-04-06T10:40:50-07:00,0,2
style.css,172,css,f785317b,NainikaSai09,2026-04-06,10:40:50,-07:00,2026-04-06T10:40:50-07:00,1,19
style.css,173,css,f785317b,NainikaSai09,2026-04-06,10:40:50,-07:00,2026-04-06T10:40:50-07:00,0,0
style.css,174,css,f785317b,NainikaSai09,2026-04-06,10:40:50,-07:00,2026-04-06T10:40:50-07:00,0,0
style.css,175,css,f785317b,NainikaSai09,2026-04-06,10:40:50,-07:00,2026-04-06T10:40:50-07:00,0,10
style.css,176,css,f785317b,NainikaSai09,2026-04-06,10:40:50,-07:00,2026-04-06T10:40:50-07:00,1,8
style.css,177,css,f785317b,NainikaSai09,2026-04-06,10:40:50,-07:00,2026-04-06T10:40:50-07:00,0,0
style.css,178,css,f785317b,NainikaSai09,2026-04-06,10:40:50,-07:00,2026-04-06T10:40:50-07:00,0,0
style.css,179,css,09bfde45,NainikaSai09,2026-04-14,14:20:37,-07:00,2026-04-14T14:20:37-07:00,0,61
style.css,180,css,09bfde45,NainikaSai09,2026-04-14,14:20:37,-07:00,2026-04-14T14:20:37-07:00,0,0
style.css,181,css,09bfde45,NainikaSai09,2026-04-14,14:20:37,-07:00,2026-04-14T14:20:37-07:00,0,13
style.css,182,css,09bfde45,NainikaSai09,2026-04-14,14:20:37,-07:00,2026-04-14T14:20:37-07:00,1,14
style.css,183,css,09bfde45,NainikaSai09,2026-04-14,14:20:37,-07:00,2026-04-14T14:20:37-07:00,1,8
style.css,184,css,09bfde45,NainikaSai09,2026-04-14,14:20:37,-07:00,2026-04-14T14:20:37-07:00,1,10
style.css,185,css,09bfde45,NainikaSai09,2026-04-14,14:20:37,-07:00,2026-04-14T14:20:37-07:00,1,13
style.css,186,css,09bfde45,NainikaSai09,2026-04-14,14:20:37,-07:00,2026-04-14T14:20:37-07:00,1,11
style.css,187,css,09bfde45,NainikaSai09,2026-04-14,14:20:37,-07:00,2026-04-14T14:20:37-07:00,0,0
style.css,188,css,09bfde45,NainikaSai09,2026-04-14,14:20:37,-07:00,2026-04-14T14:20:37-07:00,0,0
style.css,189,css,09bfde45,NainikaSai09,2026-04-14,14:20:37,-07:00,2026-04-14T14:20:37-07:00,0,20
style.css,190,css,09bfde45,NainikaSai09,2026-04-14,14:20:37,-07:00,2026-04-14T14:20:37-07:00,1,12
style.css,191,css,09bfde45,NainikaSai09,2026-04-14,14:20:37,-07:00,2026-04-14T14:20:37-07:00,0,0
style.css,192,css,09bfde45,NainikaSai09,2026-04-14,14:20:37,-07:00,2026-04-14T14:20:37-07:00,0,0
style.css,193,css,09bfde45,NainikaSai09,2026-04-14,14:20:37,-07:00,2026-04-14T14:20:37-07:00,0,3
style.css,194,css,09bfde45,NainikaSai09,2026-04-14,14:20:37,-07:00,2026-04-14T14:20:37-07:00,1,15
style.css,195,css,01f5aac2,NainikaSai09,2026-04-22,18:56:46,-07:00,2026-04-22T18:56:46-07:00,0,0
style.css,196,css,01f5aac2,NainikaSai09,2026-04-22,18:56:46,-07:00,2026-04-22T18:56:46-07:00,0,0
style.css,197,css,01f5aac2,NainikaSai09,2026-04-22,18:56:46,-07:00,2026-04-22T18:56:46-07:00,0,17
style.css,198,css,01f5aac2,NainikaSai09,2026-04-22,18:56:46,-07:00,2026-04-22T18:56:46-07:00,1,12
style.css,199,css,01f5aac2,NainikaSai09,2026-04-22,18:56:46,-07:00,2026-04-22T18:56:46-07:00,1,36
style.css,200,css,01f5aac2,NainikaSai09,2026-04-22,18:56:46,-07:00,2026-04-22T18:56:46-07:00,1,17
style.css,201,css,01f5aac2,NainikaSai09,2026-04-22,18:56:46,-07:00,2026-04-22T18:56:46-07:00,1,9
style.css,202,css,01f5aac2,NainikaSai09,2026-04-22,18:56:46,-07:00,2026-04-22T18:56:46-07:00,0,0
style.css,203,css,01f5aac2,NainikaSai09,2026-04-22,18:56:46,-07:00,2026-04-22T18:56:46-07:00,0,0
style.css,204,css,01f5aac2,NainikaSai09,2026-04-22,18:56:46,-07:00,2026-04-22T18:56:46-07:00,0,17
style.css,205,css,01f5aac2,NainikaSai09,2026-04-22,18:56:46,-07:00,2026-04-22T18:56:46-07:00,1,16
style.css,206,css,01f5aac2,NainikaSai09,2026-04-22,18:56:46,-07:00,2026-04-22T18:56:46-07:00,1,10
style.css,207,css,01f5aac2,NainikaSai09,2026-04-22,18:56:46,-07:00,2026-04-22T18:56:46-07:00,0,0
style.css,208,css,01f5aac2,NainikaSai09,2026-04-22,18:56:46,-07:00,2026-04-22T18:56:46-07:00,0,0
style.css,209,css,01f5aac2,NainikaSai09,2026-04-22,18:56:46,-07:00,2026-04-22T18:56:46-07:00,0,17
style.css,210,css,01f5aac2,NainikaSai09,2026-04-22,18:56:46,-07:00,2026-04-22T18:56:46-07:00,1,10
style.css,211,css,01f5aac2,NainikaSai09,2026-04-22,18:56:46,-07:00,2026-04-22T18:56:46-07:00,1,8
style.css,212,css,9622fab1,NainikaSai09,2026-04-26,13:29:11,-07:00,2026-04-26T13:29:11-07:00,0,0
style.css,213,css,9622fab1,NainikaSai09,2026-04-26,13:29:11,-07:00,2026-04-26T13:29:11-07:00,0,0
style.css,214,css,9622fab1,NainikaSai09,2026-04-26,13:29:11,-07:00,2026-04-26T13:29:11-07:00,0,13
style.css,215,css,9622fab1,NainikaSai09,2026-04-26,13:29:11,-07:00,2026-04-26T13:29:11-07:00,1,10
style.css,216,css,9622fab1,NainikaSai09,2026-04-26,13:29:11,-07:00,2026-04-26T13:29:11-07:00,1,15
style.css,217,css,9622fab1,NainikaSai09,2026-04-26,13:29:11,-07:00,2026-04-26T13:29:11-07:00,1,28
style.css,218,css,9622fab1,NainikaSai09,2026-04-26,13:29:11,-07:00,2026-04-26T13:29:11-07:00,1,34
style.css,219,css,9622fab1,NainikaSai09,2026-04-26,13:29:11,-07:00,2026-04-26T13:29:11-07:00,0,0
style.css,220,css,9622fab1,NainikaSai09,2026-04-26,13:29:11,-07:00,2026-04-26T13:29:11-07:00,0,0
style.css,221,css,9622fab1,NainikaSai09,2026-04-26,13:29:11,-07:00,2026-04-26T13:29:11-07:00,0,18
style.css,222,css,9622fab1,NainikaSai09,2026-04-26,13:29:11,-07:00,2026-04-26T13:29:11-07:00,1,14
style.css,223,css,9622fab1,NainikaSai09,2026-04-26,13:29:11,-07:00,2026-04-26T13:29:11-07:00,1,16
style.css,224,css,9622fab1,NainikaSai09,2026-04-26,13:29:11,-07:00,2026-04-26T13:29:11-07:00,1,16
style.css,225,css,9622fab1,NainikaSai09,2026-04-26,13:29:11,-07:00,2026-04-26T13:29:11-07:00,0,0
style.css,226,css,9622fab1,NainikaSai09,2026-04-26,13:29:11,-07:00,2026-04-26T13:29:11-07:00,0,0
style.css,227,css,9622fab1,NainikaSai09,2026-04-26,13:29:11,-07:00,2026-04-26T13:29:11-07:00,0,0
style.css,228,css,9622fab1,NainikaSai09,2026-04-26,13:29:11,-07:00,2026-04-26T13:29:11-07:00,0,20
style.css,229,css,9622fab1,NainikaSai09,2026-04-26,13:29:11,-07:00,2026-04-26T13:29:11-07:00,0,7
style.css,230,css,9622fab1,NainikaSai09,2026-04-26,13:29:11,-07:00,2026-04-26T13:29:11-07:00,1,12
style.css,231,css,9622fab1,NainikaSai09,2026-04-26,13:29:11,-07:00,2026-04-26T13:29:11-07:00,1,57
style.css,232,css,9622fab1,NainikaSai09,2026-04-26,13:29:11,-07:00,2026-04-26T13:29:11-07:00,1,7
style.css,233,css,9622fab1,NainikaSai09,2026-04-26,13:29:11,-07:00,2026-04-26T13:29:11-07:00,1,12
style.css,234,css,9622fab1,NainikaSai09,2026-04-26,13:29:11,-07:00,2026-04-26T13:29:11-07:00,1,11
style.css,235,css,9622fab1,NainikaSai09,2026-04-26,13:29:11,-07:00,2026-04-26T13:29:11-07:00,1,21
style.css,236,css,9622fab1,NainikaSai09,2026-04-26,13:29:11,-07:00,2026-04-26T13:29:11-07:00,1,17
style.css,237,css,9622fab1,NainikaSai09,2026-04-26,13:29:11,-07:00,2026-04-26T13:29:11-07:00,1,15
style.css,238,css,9622fab1,NainikaSai09,2026-04-26,13:29:11,-07:00,2026-04-26T13:29:11-07:00,0,0
style.css,239,css,9622fab1,NainikaSai09,2026-04-26,13:29:11,-07:00,2026-04-26T13:29:11-07:00,0,0
style.css,240,css,9622fab1,NainikaSai09,2026-04-26,13:29:11,-07:00,2026-04-26T13:29:11-07:00,0,20
style.css,241,css,9622fab1,NainikaSai09,2026-04-26,13:29:11,-07:00,2026-04-26T13:29:11-07:00,0,12
style.css,242,css,9622fab1,NainikaSai09,2026-04-26,13:29:11,-07:00,2026-04-26T13:29:11-07:00,1,12
style.css,243,css,9622fab1,NainikaSai09,2026-04-26,13:29:11,-07:00,2026-04-26T13:29:11-07:00,1,18
style.css,244,css,9622fab1,NainikaSai09,2026-04-26,13:29:11,-07:00,2026-04-26T13:29:11-07:00,1,9
style.css,245,css,9622fab1,NainikaSai09,2026-04-26,13:29:11,-07:00,2026-04-26T13:29:11-07:00,0,0
style.css,246,css,9622fab1,NainikaSai09,2026-04-26,13:29:11,-07:00,2026-04-26T13:29:11-07:00,0,0
style.css,247,css,9622fab1,NainikaSai09,2026-04-26,13:29:11,-07:00,2026-04-26T13:29:11-07:00,0,16
style.css,248,css,9622fab1,NainikaSai09,2026-04-26,13:29:11,-07:00,2026-04-26T13:29:11-07:00,0,7
style.css,249,css,9622fab1,NainikaSai09,2026-04-26,13:29:11,-07:00,2026-04-26T13:29:11-07:00,1,9
style.css,250,css,9622fab1,NainikaSai09,2026-04-26,13:29:11,-07:00,2026-04-26T13:29:11-07:00,1,18
style.css,251,css,9622fab1,NainikaSai09,2026-04-26,13:29:11,-07:00,2026-04-26T13:29:11-07:00,1,23
style.css,252,css,9622fab1,NainikaSai09,2026-04-26,13:29:11,-07:00,2026-04-26T13:29:11-07:00,1,17
style.css,253,css,9622fab1,NainikaSai09,2026-04-26,13:29:11,-07:00,2026-04-26T13:29:11-07:00,1,20
style.css,254,css,9622fab1,NainikaSai09,2026-04-26,13:29:11,-07:00,2026-04-26T13:29:11-07:00,0,0
style.css,255,css,9622fab1,NainikaSai09,2026-04-26,13:29:11,-07:00,2026-04-26T13:29:11-07:00,0,0
style.css,256,css,9622fab1,NainikaSai09,2026-04-26,13:29:11,-07:00,2026-04-26T13:29:11-07:00,0,0
style.css,257,css,9622fab1,NainikaSai09,2026-04-26,13:29:11,-07:00,2026-04-26T13:29:11-07:00,0,20
style.css,258,css,9622fab1,NainikaSai09,2026-04-26,13:29:11,-07:00,2026-04-26T13:29:11-07:00,0,16
style.css,259,css,9622fab1,NainikaSai09,2026-04-26,13:29:11,-07:00,2026-04-26T13:29:11-07:00,1,12
style.css,260,css,9622fab1,NainikaSai09,2026-04-26,13:29:11,-07:00,2026-04-26T13:29:11-07:00,1,18
style.css,261,css,9622fab1,NainikaSai09,2026-04-26,13:29:11,-07:00,2026-04-26T13:29:11-07:00,1,7
style.css,262,css,9622fab1,NainikaSai09,2026-04-26,13:29:11,-07:00,2026-04-26T13:29:11-07:00,0,0
style.css,263,css,9622fab1,NainikaSai09,2026-04-26,13:29:11,-07:00,2026-04-26T13:29:11-07:00,0,0
style.css,264,css,9622fab1,NainikaSai09,2026-04-26,13:29:11,-07:00,2026-04-26T13:29:11-07:00,0,35
style.css,265,css,9622fab1,NainikaSai09,2026-04-26,13:29:11,-07:00,2026-04-26T13:29:11-07:00,0,7
style.css,266,css,9622fab1,NainikaSai09,2026-04-26,13:29:11,-07:00,2026-04-26T13:29:11-07:00,1,6
style.css,267,css,9622fab1,NainikaSai09,2026-04-26,13:29:11,-07:00,2026-04-26T13:29:11-07:00,0,0
style.css,268,css,9622fab1,NainikaSai09,2026-04-26,13:29:11,-07:00,2026-04-26T13:29:11-07:00,0,0
style.css,269,css,9622fab1,NainikaSai09,2026-04-26,13:29:11,-07:00,2026-04-26T13:29:11-07:00,0,0
style.css,270,css,9622fab1,NainikaSai09,2026-04-26,13:29:11,-07:00,2026-04-26T13:29:11-07:00,0,20
style.css,271,css,9622fab1,NainikaSai09,2026-04-26,13:29:11,-07:00,2026-04-26T13:29:11-07:00,0,23
style.css,272,css,9622fab1,NainikaSai09,2026-04-26,13:29:11,-07:00,2026-04-26T13:29:11-07:00,1,16
style.css,273,css,9622fab1,NainikaSai09,2026-04-26,13:29:11,-07:00,2026-04-26T13:29:11-07:00,0,0
style.css,274,css,9622fab1,NainikaSai09,2026-04-26,13:29:11,-07:00,2026-04-26T13:29:11-07:00,0,0
style.css,275,css,9622fab1,NainikaSai09,2026-04-26,13:29:11,-07:00,2026-04-26T13:29:11-07:00,0,39
style.css,276,css,9622fab1,NainikaSai09,2026-04-26,13:29:11,-07:00,2026-04-26T13:29:11-07:00,0,51
style.css,277,css,9622fab1,NainikaSai09,2026-04-26,13:29:11,-07:00,2026-04-26T13:29:11-07:00,1,11
style.css,278,css,9622fab1,NainikaSai09,2026-04-26,13:29:11,-07:00,2026-04-26T13:29:11-07:00,0,0
style.css,279,css,9622fab1,NainikaSai09,2026-04-26,13:29:11,-07:00,2026-04-26T13:29:11-07:00,0,0
style.css,280,css,9622fab1,NainikaSai09,2026-04-26,13:29:11,-07:00,2026-04-26T13:29:11-07:00,0,22
style.css,281,css,9622fab1,NainikaSai09,2026-04-26,13:29:11,-07:00,2026-04-26T13:29:11-07:00,0,9
style.css,282,css,9622fab1,NainikaSai09,2026-04-26,13:29:11,-07:00,2026-04-26T13:29:11-07:00,1,35
style.css,283,css,9622fab1,NainikaSai09,2026-04-26,13:29:11,-07:00,2026-04-26T13:29:11-07:00,0,0
style.css,284,css,9622fab1,NainikaSai09,2026-04-26,13:29:11,-07:00,2026-04-26T13:29:11-07:00,0,0
style.css,285,css,9622fab1,NainikaSai09,2026-04-26,13:29:11,-07:00,2026-04-26T13:29:11-07:00,0,23
style.css,286,css,9622fab1,NainikaSai09,2026-04-26,13:29:11,-07:00,2026-04-26T13:29:11-07:00,0,32
style.css,287,css,9622fab1,NainikaSai09,2026-04-26,13:29:11,-07:00,2026-04-26T13:29:11-07:00,1,17
style.css,288,css,9622fab1,NainikaSai09,2026-04-26,13:29:11,-07:00,2026-04-26T13:29:11-07:00,0,0
style.css,289,css,9622fab1,NainikaSai09,2026-04-26,13:29:11,-07:00,2026-04-26T13:29:11-07:00,0,0
style.css,290,css,9622fab1,NainikaSai09,2026-04-26,13:29:11,-07:00,2026-04-26T13:29:11-07:00,0,18
style.css,291,css,9622fab1,NainikaSai09,2026-04-26,13:29:11,-07:00,2026-04-26T13:29:11-07:00,0,23
style.css,292,css,9622fab1,NainikaSai09,2026-04-26,13:29:11,-07:00,2026-04-26T13:29:11-07:00,1,14
style.css,293,css,09bfde45,NainikaSai09,2026-04-14,14:20:37,-07:00,2026-04-14T14:20:37-07:00,0,0
index.js,1,js,01f5aac2,NainikaSai09,2026-04-22,18:56:46,-07:00,2026-04-22T18:56:46-07:00,0,71
index.js,2,js,01f5aac2,NainikaSai09,2026-04-22,18:56:46,-07:00,2026-04-22T18:56:46-07:00,0,54
index.js,3,js,01f5aac2,NainikaSai09,2026-04-22,18:56:46,-07:00,2026-04-22T18:56:46-07:00,0,42
index.js,4,js,01f5aac2,NainikaSai09,2026-04-22,18:56:46,-07:00,2026-04-22T18:56:46-07:00,0,60
index.js,5,js,01f5aac2,NainikaSai09,2026-04-22,18:56:46,-07:00,2026-04-22T18:56:46-07:00,0,54
index.js,6,js,01f5aac2,NainikaSai09,2026-04-22,18:56:46,-07:00,2026-04-22T18:56:46-07:00,0,55
index.js,7,js,01f5aac2,NainikaSai09,2026-04-22,18:56:46,-07:00,2026-04-22T18:56:46-07:00,0,60
index.js,8,js,01f5aac2,NainikaSai09,2026-04-22,18:56:46,-07:00,2026-04-22T18:56:46-07:00,0,0
index.js,9,js,01f5aac2,NainikaSai09,2026-04-22,18:56:46,-07:00,2026-04-22T18:56:46-07:00,0,17
index.js,10,js,01f5aac2,NainikaSai09,2026-04-22,18:56:46,-07:00,2026-04-22T18:56:46-07:00,1,24
index.js,11,js,01f5aac2,NainikaSai09,2026-04-22,18:56:46,-07:00,2026-04-22T18:56:46-07:00,4,2
index.js,12,js,01f5aac2,NainikaSai09,2026-04-22,18:56:46,-07:00,2026-04-22T18:56:46-07:00,5,55
index.js,13,js,01f5aac2,NainikaSai09,2026-04-22,18:56:46,-07:00,2026-04-22T18:56:46-07:00,5,55
index.js,14,js,01f5aac2,NainikaSai09,2026-04-22,18:56:46,-07:00,2026-04-22T18:56:46-07:00,5,49
index.js,15,js,01f5aac2,NainikaSai09,2026-04-22,18:56:46,-07:00,2026-04-22T18:56:46-07:00,5,49
index.js,16,js,01f5aac2,NainikaSai09,2026-04-22,18:56:46,-07:00,2026-04-22T18:56:46-07:00,4,3
index.js,17,js,01f5aac2,NainikaSai09,2026-04-22,18:56:46,-07:00,2026-04-22T18:56:46-07:00,2,0
index.js,18,js,01f5aac2,NainikaSai09,2026-04-22,18:56:46,-07:00,2026-04-22T18:56:46-07:00,0,0
index.html,1,html,0a73d943,NainikaSai09,2026-04-01,18:00:53,-07:00,2026-04-01T18:00:53-07:00,0,13
index.html,2,html,0a73d943,NainikaSai09,2026-04-01,18:00:53,-07:00,2026-04-01T18:00:53-07:00,0,14
index.html,3,html,0a73d943,NainikaSai09,2026-04-01,18:00:53,-07:00,2026-04-01T18:00:53-07:00,0,4
index.html,4,html,0a73d943,NainikaSai09,2026-04-01,18:00:53,-07:00,2026-04-01T18:00:53-07:00,2,20
index.html,5,html,0a73d943,NainikaSai09,2026-04-01,18:00:53,-07:00,2026-04-01T18:00:53-07:00,2,68
index.html,6,html,0a73d943,NainikaSai09,2026-04-01,18:00:53,-07:00,2026-04-01T18:00:53-07:00,2,60
index.html,7,html,6f106eb4,NainikaSai09,2026-04-01,21:32:05,-07:00,2026-04-01T21:32:05-07:00,2,38
index.html,8,html,09bfde45,NainikaSai09,2026-04-14,14:20:37,-07:00,2026-04-14T14:20:37-07:00,2,45
index.html,9,html,01f5aac2,NainikaSai09,2026-04-22,18:56:46,-07:00,2026-04-22T18:56:46-07:00,2,50
index.html,10,html,0a73d943,NainikaSai09,2026-04-01,18:00:53,-07:00,2026-04-01T18:00:53-07:00,0,5
index.html,11,html,0a73d943,NainikaSai09,2026-04-01,18:00:53,-07:00,2026-04-01T18:00:53-07:00,0,4
index.html,12,html,0a73d943,NainikaSai09,2026-04-01,18:00:53,-07:00,2026-04-01T18:00:53-07:00,2,25
index.html,13,html,5baf39b4,NainikaSai09,2026-04-02,15:32:20,-07:00,2026-04-02T15:32:20-07:00,2,140
index.html,14,html,87004c4e,NainikaSai09,2026-04-02,13:52:44,-07:00,2026-04-02T13:52:44-07:00,2,6
index.html,15,html,01f5aac2,NainikaSai09,2026-04-22,18:56:46,-07:00,2026-04-22T18:56:46-07:00,0,0
index.html,16,html,01f5aac2,NainikaSai09,2026-04-22,18:56:46,-07:00,2026-04-22T18:56:46-07:00,4,0
index.html,17,html,109073aa,NainikaSai09,2026-04-02,15:34:44,-07:00,2026-04-02T15:34:44-07:00,2,23
index.html,18,html,87004c4e,NainikaSai09,2026-04-02,13:52:44,-07:00,2026-04-02T13:52:44-07:00,4,197
index.html,19,html,87004c4e,NainikaSai09,2026-04-02,13:52:44,-07:00,2026-04-02T13:52:44-07:00,4,10
index.html,20,html,87004c4e,NainikaSai09,2026-04-02,13:52:44,-07:00,2026-04-02T13:52:44-07:00,2,216
index.html,21,html,87004c4e,NainikaSai09,2026-04-02,13:52:44,-07:00,2026-04-02T13:52:44-07:00,0,7
index.html,22,html,01f5aac2,NainikaSai09,2026-04-22,18:56:46,-07:00,2026-04-22T18:56:46-07:00,0,0
index.html,23,html,01f5aac2,NainikaSai09,2026-04-22,18:56:46,-07:00,2026-04-22T18:56:46-07:00,0,22
index.html,24,html,01f5aac2,NainikaSai09,2026-04-22,18:56:46,-07:00,2026-04-22T18:56:46-07:00,0,20
index.html,25,html,01f5aac2,NainikaSai09,2026-04-22,18:56:46,-07:00,2026-04-22T18:56:46-07:00,1,49
index.html,26,html,01f5aac2,NainikaSai09,2026-04-22,18:56:46,-07:00,2026-04-22T18:56:46-07:00,0,4
index.html,27,html,01f5aac2,NainikaSai09,2026-04-22,18:56:46,-07:00,2026-04-22T18:56:46-07:00,0,0
index.html,28,html,01f5aac2,NainikaSai09,2026-04-22,18:56:46,-07:00,2026-04-22T18:56:46-07:00,0,21
index.html,29,html,01f5aac2,NainikaSai09,2026-04-22,18:56:46,-07:00,2026-04-22T18:56:46-07:00,0,28
index.html,30,html,01f5aac2,NainikaSai09,2026-04-22,18:56:46,-07:00,2026-04-22T18:56:46-07:00,0,0
index.html,31,html,0a73d943,NainikaSai09,2026-04-01,18:00:53,-07:00,2026-04-01T18:00:53-07:00,0,5
index.html,32,html,0a73d943,NainikaSai09,2026-04-01,18:00:53,-07:00,2026-04-01T18:00:53-07:00,0,5
global.js,1,js,09bfde45,NainikaSai09,2026-04-14,14:20:37,-07:00,2026-04-14T14:20:37-07:00,0,25
global.js,2,js,09bfde45,NainikaSai09,2026-04-14,14:20:37,-07:00,2026-04-14T14:20:37-07:00,0,0
global.js,3,js,09bfde45,NainikaSai09,2026-04-14,14:20:37,-07:00,2026-04-14T14:20:37-07:00,0,41
global.js,4,js,09bfde45,NainikaSai09,2026-04-14,14:20:37,-07:00,2026-04-14T14:20:37-07:00,1,52
global.js,5,js,09bfde45,NainikaSai09,2026-04-14,14:20:37,-07:00,2026-04-14T14:20:37-07:00,0,0
global.js,6,js,09bfde45,NainikaSai09,2026-04-14,14:20:37,-07:00,2026-04-14T14:20:37-07:00,0,0
global.js,7,js,09bfde45,NainikaSai09,2026-04-14,14:20:37,-07:00,2026-04-14T14:20:37-07:00,0,28
global.js,8,js,09bfde45,NainikaSai09,2026-04-14,14:20:37,-07:00,2026-04-14T14:20:37-07:00,0,23
global.js,9,js,09bfde45,NainikaSai09,2026-04-14,14:20:37,-07:00,2026-04-14T14:20:37-07:00,0,0
global.js,10,js,09bfde45,NainikaSai09,2026-04-14,14:20:37,-07:00,2026-04-14T14:20:37-07:00,0,33
global.js,11,js,09bfde45,NainikaSai09,2026-04-14,14:20:37,-07:00,2026-04-14T14:20:37-07:00,0,71
global.js,12,js,09bfde45,NainikaSai09,2026-04-14,14:20:37,-07:00,2026-04-14T14:20:37-07:00,0,3
global.js,13,js,09bfde45,NainikaSai09,2026-04-14,14:20:37,-07:00,2026-04-14T14:20:37-07:00,0,0
global.js,14,js,09bfde45,NainikaSai09,2026-04-14,14:20:37,-07:00,2026-04-14T14:20:37-07:00,0,39
global.js,15,js,09bfde45,NainikaSai09,2026-04-14,14:20:37,-07:00,2026-04-14T14:20:37-07:00,0,0
global.js,16,js,09bfde45,NainikaSai09,2026-04-14,14:20:37,-07:00,2026-04-14T14:20:37-07:00,0,11
global.js,17,js,09bfde45,NainikaSai09,2026-04-14,14:20:37,-07:00,2026-04-14T14:20:37-07:00,1,25
global.js,18,js,09bfde45,NainikaSai09,2026-04-14,14:20:37,-07:00,2026-04-14T14:20:37-07:00,1,38
global.js,19,js,09bfde45,NainikaSai09,2026-04-14,14:20:37,-07:00,2026-04-14T14:20:37-07:00,1,36
global.js,20,js,09bfde45,NainikaSai09,2026-04-14,14:20:37,-07:00,2026-04-14T14:20:37-07:00,1,34
global.js,21,js,00000000,Not Committed Yet,2026-05-04,10:49:44,-07:00,2026-05-04T10:49:44-07:00,1,30
global.js,22,js,09bfde45,NainikaSai09,2026-04-14,14:20:37,-07:00,2026-04-14T14:20:37-07:00,1,58
global.js,23,js,09bfde45,NainikaSai09,2026-04-14,14:20:37,-07:00,2026-04-14T14:20:37-07:00,0,0
global.js,24,js,09bfde45,NainikaSai09,2026-04-14,14:20:37,-07:00,2026-04-14T14:20:37-07:00,0,0
global.js,25,js,09bfde45,NainikaSai09,2026-04-14,14:20:37,-07:00,2026-04-14T14:20:37-07:00,0,15
global.js,26,js,09bfde45,NainikaSai09,2026-04-14,14:20:37,-07:00,2026-04-14T14:20:37-07:00,1,68
global.js,27,js,09bfde45,NainikaSai09,2026-04-14,14:20:37,-07:00,2026-04-14T14:20:37-07:00,2,3
global.js,28,js,09bfde45,NainikaSai09,2026-04-14,14:20:37,-07:00,2026-04-14T14:20:37-07:00,2,26
global.js,29,js,09bfde45,NainikaSai09,2026-04-14,14:20:37,-07:00,2026-04-14T14:20:37-07:00,0,0
global.js,30,js,09bfde45,NainikaSai09,2026-04-14,14:20:37,-07:00,2026-04-14T14:20:37-07:00,0,38
global.js,31,js,09bfde45,NainikaSai09,2026-04-14,14:20:37,-07:00,2026-04-14T14:20:37-07:00,0,25
global.js,32,js,09bfde45,NainikaSai09,2026-04-14,14:20:37,-07:00,2026-04-14T14:20:37-07:00,0,0
global.js,33,js,09bfde45,NainikaSai09,2026-04-14,14:20:37,-07:00,2026-04-14T14:20:37-07:00,0,31
global.js,34,js,09bfde45,NainikaSai09,2026-04-14,14:20:37,-07:00,2026-04-14T14:20:37-07:00,1,11
global.js,35,js,09bfde45,NainikaSai09,2026-04-14,14:20:37,-07:00,2026-04-14T14:20:37-07:00,1,0
global.js,36,js,09bfde45,NainikaSai09,2026-04-14,14:20:37,-07:00,2026-04-14T14:20:37-07:00,0,26
global.js,37,js,09bfde45,NainikaSai09,2026-04-14,14:20:37,-07:00,2026-04-14T14:20:37-07:00,0,4
global.js,38,js,09bfde45,NainikaSai09,2026-04-14,14:20:37,-07:00,2026-04-14T14:20:37-07:00,0,6
global.js,39,js,09bfde45,NainikaSai09,2026-04-14,14:20:37,-07:00,2026-04-14T14:20:37-07:00,0,43
global.js,40,js,09bfde45,NainikaSai09,2026-04-14,14:20:37,-07:00,2026-04-14T14:20:37-07:00,5,34
global.js,41,js,09bfde45,NainikaSai09,2026-04-14,14:20:37,-07:00,2026-04-14T14:20:37-07:00,5,32
global.js,42,js,09bfde45,NainikaSai09,2026-04-14,14:20:37,-07:00,2026-04-14T14:20:37-07:00,0,7
global.js,43,js,09bfde45,NainikaSai09,2026-04-14,14:20:37,-07:00,2026-04-14T14:20:37-07:00,0,8
global.js,44,js,09bfde45,NainikaSai09,2026-04-14,14:20:37,-07:00,2026-04-14T14:20:37-07:00,0,0
global.js,45,js,09bfde45,NainikaSai09,2026-04-14,14:20:37,-07:00,2026-04-14T14:20:37-07:00,0,0
global.js,46,js,09bfde45,NainikaSai09,2026-04-14,14:20:37,-07:00,2026-04-14T14:20:37-07:00,0,58
global.js,47,js,09bfde45,NainikaSai09,2026-04-14,14:20:37,-07:00,2026-04-14T14:20:37-07:00,0,0
global.js,48,js,09bfde45,NainikaSai09,2026-04-14,14:20:37,-07:00,2026-04-14T14:20:37-07:00,0,24
global.js,49,js,09bfde45,NainikaSai09,2026-04-14,14:20:37,-07:00,2026-04-14T14:20:37-07:00,0,30
global.js,50,js,09bfde45,NainikaSai09,2026-04-14,14:20:37,-07:00,2026-04-14T14:20:37-07:00,1,64
global.js,51,js,09bfde45,NainikaSai09,2026-04-14,14:20:37,-07:00,2026-04-14T14:20:37-07:00,0,0
global.js,52,js,09bfde45,NainikaSai09,2026-04-14,14:20:37,-07:00,2026-04-14T14:20:37-07:00,0,0
global.js,53,js,09bfde45,NainikaSai09,2026-04-14,14:20:37,-07:00,2026-04-14T14:20:37-07:00,0,30
global.js,54,js,09bfde45,NainikaSai09,2026-04-14,14:20:37,-07:00,2026-04-14T14:20:37-07:00,0,49
global.js,55,js,09bfde45,NainikaSai09,2026-04-14,14:20:37,-07:00,2026-04-14T14:20:37-07:00,1,29
global.js,56,js,09bfde45,NainikaSai09,2026-04-14,14:20:37,-07:00,2026-04-14T14:20:37-07:00,0,0
global.js,57,js,09bfde45,NainikaSai09,2026-04-14,14:20:37,-07:00,2026-04-14T14:20:37-07:00,1,20
global.js,58,js,09bfde45,NainikaSai09,2026-04-14,14:20:37,-07:00,2026-04-14T14:20:37-07:00,0,0
global.js,59,js,09bfde45,NainikaSai09,2026-04-14,14:20:37,-07:00,2026-04-14T14:20:37-07:00,1,16
global.js,60,js,09bfde45,NainikaSai09,2026-04-14,14:20:37,-07:00,2026-04-14T14:20:37-07:00,1,31
global.js,61,js,09bfde45,NainikaSai09,2026-04-14,14:20:37,-07:00,2026-04-14T14:20:37-07:00,0,0
global.js,62,js,09bfde45,NainikaSai09,2026-04-14,14:20:37,-07:00,2026-04-14T14:20:37-07:00,1,33
global.js,63,js,09bfde45,NainikaSai09,2026-04-14,14:20:37,-07:00,2026-04-14T14:20:37-07:00,0,1
global.js,64,js,09bfde45,NainikaSai09,2026-04-14,14:20:37,-07:00,2026-04-14T14:20:37-07:00,0,0
global.js,65,js,09bfde45,NainikaSai09,2026-04-14,14:20:37,-07:00,2026-04-14T14:20:37-07:00,0,40
global.js,66,js,09bfde45,NainikaSai09,2026-04-14,14:20:37,-07:00,2026-04-14T14:20:37-07:00,0,34
global.js,67,js,09bfde45,NainikaSai09,2026-04-14,14:20:37,-07:00,2026-04-14T14:20:37-07:00,1,35
global.js,68,js,09bfde45,NainikaSai09,2026-04-14,14:20:37,-07:00,2026-04-14T14:20:37-07:00,0,0
global.js,69,js,09bfde45,NainikaSai09,2026-04-14,14:20:37,-07:00,2026-04-14T14:20:37-07:00,1,20
global.js,70,js,09bfde45,NainikaSai09,2026-04-14,14:20:37,-07:00,2026-04-14T14:20:37-07:00,0,0
global.js,71,js,09bfde45,NainikaSai09,2026-04-14,14:20:37,-07:00,2026-04-14T14:20:37-07:00,1,25
global.js,72,js,09bfde45,NainikaSai09,2026-04-14,14:20:37,-07:00,2026-04-14T14:20:37-07:00,1,19
global.js,73,js,09bfde45,NainikaSai09,2026-04-14,14:20:37,-07:00,2026-04-14T14:20:37-07:00,0,0
global.js,74,js,09bfde45,NainikaSai09,2026-04-14,14:20:37,-07:00,2026-04-14T14:20:37-07:00,0,0
global.js,75,js,09bfde45,NainikaSai09,2026-04-14,14:20:37,-07:00,2026-04-14T14:20:37-07:00,0,20
global.js,76,js,09bfde45,NainikaSai09,2026-04-14,14:20:37,-07:00,2026-04-14T14:20:37-07:00,1,14
global.js,77,js,09bfde45,NainikaSai09,2026-04-14,14:20:37,-07:00,2026-04-14T14:20:37-07:00,1,18
global.js,78,js,09bfde45,NainikaSai09,2026-04-14,14:20:37,-07:00,2026-04-14T14:20:37-07:00,0,0
global.js,79,js,09bfde45,NainikaSai09,2026-04-14,14:20:37,-07:00,2026-04-14T14:20:37-07:00,1,52
global.js,80,js,09bfde45,NainikaSai09,2026-04-14,14:20:37,-07:00,2026-04-14T14:20:37-07:00,0,0
global.js,81,js,09bfde45,NainikaSai09,2026-04-14,14:20:37,-07:00,2026-04-14T14:20:37-07:00,1,34
global.js,82,js,09bfde45,NainikaSai09,2026-04-14,14:20:37,-07:00,2026-04-14T14:20:37-07:00,1,11
global.js,83,js,09bfde45,NainikaSai09,2026-04-14,14:20:37,-07:00,2026-04-14T14:20:37-07:00,1,20
global.js,84,js,09bfde45,NainikaSai09,2026-04-14,14:20:37,-07:00,2026-04-14T14:20:37-07:00,0,0
global.js,85,js,09bfde45,NainikaSai09,2026-04-14,14:20:37,-07:00,2026-04-14T14:20:37-07:00,1,17
global.js,86,js,09bfde45,NainikaSai09,2026-04-14,14:20:37,-07:00,2026-04-14T14:20:37-07:00,1,8
global.js,87,js,09bfde45,NainikaSai09,2026-04-14,14:20:37,-07:00,2026-04-14T14:20:37-07:00,1,59
global.js,88,js,09bfde45,NainikaSai09,2026-04-14,14:20:37,-07:00,2026-04-14T14:20:37-07:00,0,0
global.js,89,js,09bfde45,NainikaSai09,2026-04-14,14:20:37,-07:00,2026-04-14T14:20:37-07:00,0,0
global.js,90,js,09bfde45,NainikaSai09,2026-04-14,14:20:37,-07:00,2026-04-14T14:20:37-07:00,1,31
global.js,91,js,09bfde45,NainikaSai09,2026-04-14,14:20:37,-07:00,2026-04-14T14:20:37-07:00,1,52
global.js,92,js,09bfde45,NainikaSai09,2026-04-14,14:20:37,-07:00,2026-04-14T14:20:37-07:00,1,12
global.js,93,js,09bfde45,NainikaSai09,2026-04-14,14:20:37,-07:00,2026-04-14T14:20:37-07:00,0,0
global.js,94,js,09bfde45,NainikaSai09,2026-04-14,14:20:37,-07:00,2026-04-14T14:20:37-07:00,0,0
global.js,95,js,09bfde45,NainikaSai09,2026-04-14,14:20:37,-07:00,2026-04-14T14:20:37-07:00,0,0
global.js,96,js,09bfde45,NainikaSai09,2026-04-14,14:20:37,-07:00,2026-04-14T14:20:37-07:00,0,0
global.js,97,js,09bfde45,NainikaSai09,2026-04-14,14:20:37,-07:00,2026-04-14T14:20:37-07:00,0,40
global.js,98,js,09bfde45,NainikaSai09,2026-04-14,14:20:37,-07:00,2026-04-14T14:20:37-07:00,0,0
global.js,99,js,09bfde45,NainikaSai09,2026-04-14,14:20:37,-07:00,2026-04-14T14:20:37-07:00,0,49
global.js,100,js,09bfde45,NainikaSai09,2026-04-14,14:20:37,-07:00,2026-04-14T14:20:37-07:00,1,46
global.js,101,js,09bfde45,NainikaSai09,2026-04-14,14:20:37,-07:00,2026-04-14T14:20:37-07:00,0,0
global.js,102,js,09bfde45,NainikaSai09,2026-04-14,14:20:37,-07:00,2026-04-14T14:20:37-07:00,1,28
global.js,103,js,09bfde45,NainikaSai09,2026-04-14,14:20:37,-07:00,2026-04-14T14:20:37-07:00,0,0
global.js,104,js,09bfde45,NainikaSai09,2026-04-14,14:20:37,-07:00,2026-04-14T14:20:37-07:00,1,26
global.js,105,js,09bfde45,NainikaSai09,2026-04-14,14:20:37,-07:00,2026-04-14T14:20:37-07:00,1,14
global.js,106,js,09bfde45,NainikaSai09,2026-04-14,14:20:37,-07:00,2026-04-14T14:20:37-07:00,0,0
global.js,107,js,09bfde45,NainikaSai09,2026-04-14,14:20:37,-07:00,2026-04-14T14:20:37-07:00,1,31
global.js,108,js,09bfde45,NainikaSai09,2026-04-14,14:20:37,-07:00,2026-04-14T14:20:37-07:00,2,43
global.js,109,js,09bfde45,NainikaSai09,2026-04-14,14:20:37,-07:00,2026-04-14T14:20:37-07:00,2,37
global.js,110,js,09bfde45,NainikaSai09,2026-04-14,14:20:37,-07:00,2026-04-14T14:20:37-07:00,1,0
global.js,111,js,09bfde45,NainikaSai09,2026-04-14,14:20:37,-07:00,2026-04-14T14:20:37-07:00,0,0
global.js,112,js,09bfde45,NainikaSai09,2026-04-14,14:20:37,-07:00,2026-04-14T14:20:37-07:00,1,22
global.js,113,js,09bfde45,NainikaSai09,2026-04-14,14:20:37,-07:00,2026-04-14T14:20:37-07:00,0,0
global.js,114,js,09bfde45,NainikaSai09,2026-04-14,14:20:37,-07:00,2026-04-14T14:20:37-07:00,1,33
global.js,115,js,09bfde45,NainikaSai09,2026-04-14,14:20:37,-07:00,2026-04-14T14:20:37-07:00,0,0
global.js,116,js,09bfde45,NainikaSai09,2026-04-14,14:20:37,-07:00,2026-04-14T14:20:37-07:00,1,18
global.js,117,js,09bfde45,NainikaSai09,2026-04-14,14:20:37,-07:00,2026-04-14T14:20:37-07:00,1,18
global.js,118,js,01f5aac2,NainikaSai09,2026-04-22,18:56:46,-07:00,2026-04-22T18:56:46-07:00,0,1
global.js,119,js,01f5aac2,NainikaSai09,2026-04-22,18:56:46,-07:00,2026-04-22T18:56:46-07:00,0,0
global.js,120,js,01f5aac2,NainikaSai09,2026-04-22,18:56:46,-07:00,2026-04-22T18:56:46-07:00,0,36
global.js,121,js,01f5aac2,NainikaSai09,2026-04-22,18:56:46,-07:00,2026-04-22T18:56:46-07:00,1,3
global.js,122,js,01f5aac2,NainikaSai09,2026-04-22,18:56:46,-07:00,2026-04-22T18:56:46-07:00,2,32
global.js,123,js,01f5aac2,NainikaSai09,2026-04-22,18:56:46,-07:00,2026-04-22T18:56:46-07:00,0,0
global.js,124,js,01f5aac2,NainikaSai09,2026-04-22,18:56:46,-07:00,2026-04-22T18:56:46-07:00,2,17
global.js,125,js,01f5aac2,NainikaSai09,2026-04-22,18:56:46,-07:00,2026-04-22T18:56:46-07:00,3,66
global.js,126,js,01f5aac2,NainikaSai09,2026-04-22,18:56:46,-07:00,2026-04-22T18:56:46-07:00,2,0
global.js,127,js,01f5aac2,NainikaSai09,2026-04-22,18:56:46,-07:00,2026-04-22T18:56:46-07:00,0,0
global.js,128,js,01f5aac2,NainikaSai09,2026-04-22,18:56:46,-07:00,2026-04-22T18:56:46-07:00,2,33
global.js,129,js,01f5aac2,NainikaSai09,2026-04-22,18:56:46,-07:00,2026-04-22T18:56:46-07:00,2,10
global.js,130,js,01f5aac2,NainikaSai09,2026-04-22,18:56:46,-07:00,2026-04-22T18:56:46-07:00,0,0
global.js,131,js,01f5aac2,NainikaSai09,2026-04-22,18:56:46,-07:00,2026-04-22T18:56:46-07:00,1,15
global.js,132,js,01f5aac2,NainikaSai09,2026-04-22,18:56:46,-07:00,2026-04-22T18:56:46-07:00,2,59
global.js,133,js,01f5aac2,NainikaSai09,2026-04-22,18:56:46,-07:00,2026-04-22T18:56:46-07:00,1,0
global.js,134,js,01f5aac2,NainikaSai09,2026-04-22,18:56:46,-07:00,2026-04-22T18:56:46-07:00,0,0
global.js,135,js,01f5aac2,NainikaSai09,2026-04-22,18:56:46,-07:00,2026-04-22T18:56:46-07:00,0,0
global.js,136,js,01f5aac2,NainikaSai09,2026-04-22,18:56:46,-07:00,2026-04-22T18:56:46-07:00,0,0
global.js,137,js,01f5aac2,NainikaSai09,2026-04-22,18:56:46,-07:00,2026-04-22T18:56:46-07:00,0,79
global.js,138,js,01f5aac2,NainikaSai09,2026-04-22,18:56:46,-07:00,2026-04-22T18:56:46-07:00,1,13
global.js,139,js,01f5aac2,NainikaSai09,2026-04-22,18:56:46,-07:00,2026-04-22T18:56:46-07:00,1,22
global.js,140,js,01f5aac2,NainikaSai09,2026-04-22,18:56:46,-07:00,2026-04-22T18:56:46-07:00,2,43
global.js,141,js,01f5aac2,NainikaSai09,2026-04-22,18:56:46,-07:00,2026-04-22T18:56:46-07:00,2,5
global.js,142,js,01f5aac2,NainikaSai09,2026-04-22,18:56:46,-07:00,2026-04-22T18:56:46-07:00,1,0
global.js,143,js,01f5aac2,NainikaSai09,2026-04-22,18:56:46,-07:00,2026-04-22T18:56:46-07:00,0,0
global.js,144,js,01f5aac2,NainikaSai09,2026-04-22,18:56:46,-07:00,2026-04-22T18:56:46-07:00,1,18
global.js,145,js,01f5aac2,NainikaSai09,2026-04-22,18:56:46,-07:00,2026-04-22T18:56:46-07:00,1,30
global.js,146,js,01f5aac2,NainikaSai09,2026-04-22,18:56:46,-07:00,2026-04-22T18:56:46-07:00,0,0
global.js,147,js,01f5aac2,NainikaSai09,2026-04-22,18:56:46,-07:00,2026-04-22T18:56:46-07:00,1,22
global.js,148,js,01f5aac2,NainikaSai09,2026-04-22,18:56:46,-07:00,2026-04-22T18:56:46-07:00,1,29
global.js,149,js,01f5aac2,NainikaSai09,2026-04-22,18:56:46,-07:00,2026-04-22T18:56:46-07:00,2,48
global.js,150,js,01f5aac2,NainikaSai09,2026-04-22,18:56:46,-07:00,2026-04-22T18:56:46-07:00,0,0
global.js,151,js,01f5aac2,NainikaSai09,2026-04-22,18:56:46,-07:00,2026-04-22T18:56:46-07:00,2,20
global.js,152,js,01f5aac2,NainikaSai09,2026-04-22,18:56:46,-07:00,2026-04-22T18:56:46-07:00,2,51
global.js,153,js,01f5aac2,NainikaSai09,2026-04-22,18:56:46,-07:00,2026-04-22T18:56:46-07:00,2,34
global.js,154,js,01f5aac2,NainikaSai09,2026-04-22,18:56:46,-07:00,2026-04-22T18:56:46-07:00,0,0
global.js,155,js,01f5aac2,NainikaSai09,2026-04-22,18:56:46,-07:00,2026-04-22T18:56:46-07:00,2,6
global.js,156,js,01f5aac2,NainikaSai09,2026-04-22,18:56:46,-07:00,2026-04-22T18:56:46-07:00,2,40
global.js,157,js,01f5aac2,NainikaSai09,2026-04-22,18:56:46,-07:00,2026-04-22T18:56:46-07:00,2,22
global.js,158,js,01f5aac2,NainikaSai09,2026-04-22,18:56:46,-07:00,2026-04-22T18:56:46-07:00,2,22
global.js,159,js,01f5aac2,NainikaSai09,2026-04-22,18:56:46,-07:00,2026-04-22T18:56:46-07:00,0,0
global.js,160,js,01f5aac2,NainikaSai09,2026-04-22,18:56:46,-07:00,2026-04-22T18:56:46-07:00,2,12
global.js,161,js,01f5aac2,NainikaSai09,2026-04-22,18:56:46,-07:00,2026-04-22T18:56:46-07:00,2,36
global.js,162,js,01f5aac2,NainikaSai09,2026-04-22,18:56:46,-07:00,2026-04-22T18:56:46-07:00,2,34
global.js,163,js,01f5aac2,NainikaSai09,2026-04-22,18:56:46,-07:00,2026-04-22T18:56:46-07:00,0,0
global.js,164,js,9622fab1,NainikaSai09,2026-04-26,13:29:11,-07:00,2026-04-26T13:29:11-07:00,2,11
global.js,165,js,9622fab1,NainikaSai09,2026-04-26,13:29:11,-07:00,2026-04-26T13:29:11-07:00,2,39
global.js,166,js,9622fab1,NainikaSai09,2026-04-26,13:29:11,-07:00,2026-04-26T13:29:11-07:00,2,30
global.js,167,js,9622fab1,NainikaSai09,2026-04-26,13:29:11,-07:00,2026-04-26T13:29:11-07:00,2,33
global.js,168,js,9622fab1,NainikaSai09,2026-04-26,13:29:11,-07:00,2026-04-26T13:29:11-07:00,0,0
global.js,169,js,9622fab1,NainikaSai09,2026-04-26,13:29:11,-07:00,2026-04-26T13:29:11-07:00,2,19
global.js,170,js,9622fab1,NainikaSai09,2026-04-26,13:29:11,-07:00,2026-04-26T13:29:11-07:00,2,50
global.js,171,js,9622fab1,NainikaSai09,2026-04-26,13:29:11,-07:00,2026-04-26T13:29:11-07:00,2,27
global.js,172,js,9622fab1,NainikaSai09,2026-04-26,13:29:11,-07:00,2026-04-26T13:29:11-07:00,2,30
global.js,173,js,9622fab1,NainikaSai09,2026-04-26,13:29:11,-07:00,2026-04-26T13:29:11-07:00,0,0
global.js,174,js,9622fab1,NainikaSai09,2026-04-26,13:29:11,-07:00,2026-04-26T13:29:11-07:00,2,7
global.js,175,js,01f5aac2,NainikaSai09,2026-04-22,18:56:46,-07:00,2026-04-22T18:56:46-07:00,2,27
global.js,176,js,01f5aac2,NainikaSai09,2026-04-22,18:56:46,-07:00,2026-04-22T18:56:46-07:00,2,23
global.js,177,js,9622fab1,NainikaSai09,2026-04-26,13:29:11,-07:00,2026-04-26T13:29:11-07:00,2,33
global.js,178,js,01f5aac2,NainikaSai09,2026-04-22,18:56:46,-07:00,2026-04-22T18:56:46-07:00,0,0
global.js,179,js,01f5aac2,NainikaSai09,2026-04-22,18:56:46,-07:00,2026-04-22T18:56:46-07:00,2,36
global.js,180,js,01f5aac2,NainikaSai09,2026-04-22,18:56:46,-07:00,2026-04-22T18:56:46-07:00,1,0
global.js,181,js,01f5aac2,NainikaSai09,2026-04-22,18:56:46,-07:00,2026-04-22T18:56:46-07:00,0,0
global.js,182,js,01f5aac2,NainikaSai09,2026-04-22,18:56:46,-07:00,2026-04-22T18:56:46-07:00,0,0
global.js,183,js,01f5aac2,NainikaSai09,2026-04-22,18:56:46,-07:00,2026-04-22T18:56:46-07:00,0,47
global.js,184,js,01f5aac2,NainikaSai09,2026-04-22,18:56:46,-07:00,2026-04-22T18:56:46-07:00,1,22
global.js,185,js,01f5aac2,NainikaSai09,2026-04-22,18:56:46,-07:00,2026-04-22T18:56:46-07:00,0,0
global.js,186,js,01f5aac2,NainikaSai09,2026-04-22,18:56:46,-07:00,2026-04-22T18:56:46-07:00,1,59
global.js,187,js,01f5aac2,NainikaSai09,2026-04-22,18:56:46,-07:00,2026-04-22T18:56:46-07:00,0,0
resume/index.html,1,html,6f106eb4,NainikaSai09,2026-04-01,21:32:05,-07:00,2026-04-01T21:32:05-07:00,0,13
resume/index.html,2,html,6f106eb4,NainikaSai09,2026-04-01,21:32:05,-07:00,2026-04-01T21:32:05-07:00,0,14
resume/index.html,3,html,6f106eb4,NainikaSai09,2026-04-01,21:32:05,-07:00,2026-04-01T21:32:05-07:00,0,4
resume/index.html,4,html,6f106eb4,NainikaSai09,2026-04-01,21:32:05,-07:00,2026-04-01T21:32:05-07:00,2,20
resume/index.html,5,html,6f106eb4,NainikaSai09,2026-04-01,21:32:05,-07:00,2026-04-01T21:32:05-07:00,2,68
resume/index.html,6,html,f785317b,NainikaSai09,2026-04-06,10:40:50,-07:00,2026-04-06T10:40:50-07:00,2,40
resume/index.html,7,html,6f106eb4,NainikaSai09,2026-04-01,21:32:05,-07:00,2026-04-01T21:32:05-07:00,2,41
resume/index.html,8,html,09bfde45,NainikaSai09,2026-04-14,14:20:37,-07:00,2026-04-14T14:20:37-07:00,2,48
resume/index.html,9,html,6f106eb4,NainikaSai09,2026-04-01,21:32:05,-07:00,2026-04-01T21:32:05-07:00,0,5
resume/index.html,10,html,6f106eb4,NainikaSai09,2026-04-01,21:32:05,-07:00,2026-04-01T21:32:05-07:00,0,4
resume/index.html,11,html,6f106eb4,NainikaSai09,2026-04-01,21:32:05,-07:00,2026-04-01T21:32:05-07:00,0,0
resume/index.html,12,html,f785317b,NainikaSai09,2026-04-06,10:40:50,-07:00,2026-04-06T10:40:50-07:00,0,18
resume/index.html,13,html,f785317b,NainikaSai09,2026-04-06,10:40:50,-07:00,2026-04-06T10:40:50-07:00,2,25
resume/index.html,14,html,f785317b,NainikaSai09,2026-04-06,10:40:50,-07:00,2026-04-06T10:40:50-07:00,2,134
resume/index.html,15,html,6f106eb4,NainikaSai09,2026-04-01,21:32:05,-07:00,2026-04-01T21:32:05-07:00,0,0
resume/index.html,16,html,f785317b,NainikaSai09,2026-04-06,10:40:50,-07:00,2026-04-06T10:40:50-07:00,2,7
resume/index.html,17,html,f785317b,NainikaSai09,2026-04-06,10:40:50,-07:00,2026-04-06T10:40:50-07:00,4,16
resume/index.html,18,html,f785317b,NainikaSai09,2026-04-06,10:40:50,-07:00,2026-04-06T10:40:50-07:00,4,7
resume/index.html,19,html,f785317b,NainikaSai09,2026-04-06,10:40:50,-07:00,2026-04-06T10:40:50-07:00,6,74
resume/index.html,20,html,f785317b,NainikaSai09,2026-04-06,10:40:50,-07:00,2026-04-06T10:40:50-07:00,6,40
resume/index.html,21,html,f785317b,NainikaSai09,2026-04-06,10:40:50,-07:00,2026-04-06T10:40:50-07:00,6,41
resume/index.html,22,html,f785317b,NainikaSai09,2026-04-06,10:40:50,-07:00,2026-04-06T10:40:50-07:00,6,2
resume/index.html,23,html,f785317b,NainikaSai09,2026-04-06,10:40:50,-07:00,2026-04-06T10:40:50-07:00,8,21
resume/index.html,24,html,f785317b,NainikaSai09,2026-04-06,10:40:50,-07:00,2026-04-06T10:40:50-07:00,8,87
resume/index.html,25,html,f785317b,NainikaSai09,2026-04-06,10:40:50,-07:00,2026-04-06T10:40:50-07:00,6,3
resume/index.html,26,html,f785317b,NainikaSai09,2026-04-06,10:40:50,-07:00,2026-04-06T10:40:50-07:00,4,8
resume/index.html,27,html,f785317b,NainikaSai09,2026-04-06,10:40:50,-07:00,2026-04-06T10:40:50-07:00,2,8
resume/index.html,28,html,6f106eb4,NainikaSai09,2026-04-01,21:32:05,-07:00,2026-04-01T21:32:05-07:00,0,0
resume/index.html,29,html,f785317b,NainikaSai09,2026-04-06,10:40:50,-07:00,2026-04-06T10:40:50-07:00,2,7
resume/index.html,30,html,f785317b,NainikaSai09,2026-04-06,10:40:50,-07:00,2026-04-06T10:40:50-07:00,4,17
resume/index.html,31,html,6f106eb4,NainikaSai09,2026-04-01,21:32:05,-07:00,2026-04-01T21:32:05-07:00,0,0
resume/index.html,32,html,f785317b,NainikaSai09,2026-04-06,10:40:50,-07:00,2026-04-06T10:40:50-07:00,4,7
resume/index.html,33,html,f785317b,NainikaSai09,2026-04-06,10:40:50,-07:00,2026-04-06T10:40:50-07:00,6,61
resume/index.html,34,html,f785317b,NainikaSai09,2026-04-06,10:40:50,-07:00,2026-04-06T10:40:50-07:00,6,37
resume/index.html,35,html,f785317b,NainikaSai09,2026-04-06,10:40:50,-07:00,2026-04-06T10:40:50-07:00,6,2
resume/index.html,36,html,f785317b,NainikaSai09,2026-04-06,10:40:50,-07:00,2026-04-06T10:40:50-07:00,8,100
resume/index.html,37,html,f785317b,NainikaSai09,2026-04-06,10:40:50,-07:00,2026-04-06T10:40:50-07:00,8,85
resume/index.html,38,html,f785317b,NainikaSai09,2026-04-06,10:40:50,-07:00,2026-04-06T10:40:50-07:00,6,3
resume/index.html,39,html,f785317b,NainikaSai09,2026-04-06,10:40:50,-07:00,2026-04-06T10:40:50-07:00,4,8
resume/index.html,40,html,6f106eb4,NainikaSai09,2026-04-01,21:32:05,-07:00,2026-04-01T21:32:05-07:00,0,0
resume/index.html,41,html,f785317b,NainikaSai09,2026-04-06,10:40:50,-07:00,2026-04-06T10:40:50-07:00,4,7
resume/index.html,42,html,f785317b,NainikaSai09,2026-04-06,10:40:50,-07:00,2026-04-06T10:40:50-07:00,6,72
resume/index.html,43,html,f785317b,NainikaSai09,2026-04-06,10:40:50,-07:00,2026-04-06T10:40:50-07:00,6,33
resume/index.html,44,html,f785317b,NainikaSai09,2026-04-06,10:40:50,-07:00,2026-04-06T10:40:50-07:00,6,2
resume/index.html,45,html,f785317b,NainikaSai09,2026-04-06,10:40:50,-07:00,2026-04-06T10:40:50-07:00,8,85
resume/index.html,46,html,f785317b,NainikaSai09,2026-04-06,10:40:50,-07:00,2026-04-06T10:40:50-07:00,8,73
resume/index.html,47,html,f785317b,NainikaSai09,2026-04-06,10:40:50,-07:00,2026-04-06T10:40:50-07:00,6,3
resume/index.html,48,html,f785317b,NainikaSai09,2026-04-06,10:40:50,-07:00,2026-04-06T10:40:50-07:00,4,8
resume/index.html,49,html,6f106eb4,NainikaSai09,2026-04-01,21:32:05,-07:00,2026-04-01T21:32:05-07:00,0,0
resume/index.html,50,html,f785317b,NainikaSai09,2026-04-06,10:40:50,-07:00,2026-04-06T10:40:50-07:00,2,8
resume/index.html,51,html,6f106eb4,NainikaSai09,2026-04-01,21:32:05,-07:00,2026-04-01T21:32:05-07:00,0,0
resume/index.html,52,html,f785317b,NainikaSai09,2026-04-06,10:40:50,-07:00,2026-04-06T10:40:50-07:00,2,7
resume/index.html,53,html,f785317b,NainikaSai09,2026-04-06,10:40:50,-07:00,2026-04-06T10:40:50-07:00,4,15
resume/index.html,54,html,6f106eb4,NainikaSai09,2026-04-01,21:32:05,-07:00,2026-04-01T21:32:05-07:00,0,0
resume/index.html,55,html,f785317b,NainikaSai09,2026-04-06,10:40:50,-07:00,2026-04-06T10:40:50-07:00,4,7
resume/index.html,56,html,f785317b,NainikaSai09,2026-04-06,10:40:50,-07:00,2026-04-06T10:40:50-07:00,6,34
resume/index.html,57,html,f785317b,NainikaSai09,2026-04-06,10:40:50,-07:00,2026-04-06T10:40:50-07:00,6,2
resume/index.html,58,html,f785317b,NainikaSai09,2026-04-06,10:40:50,-07:00,2026-04-06T10:40:50-07:00,8,77
resume/index.html,59,html,f785317b,NainikaSai09,2026-04-06,10:40:50,-07:00,2026-04-06T10:40:50-07:00,8,58
resume/index.html,60,html,f785317b,NainikaSai09,2026-04-06,10:40:50,-07:00,2026-04-06T10:40:50-07:00,6,3
resume/index.html,61,html,f785317b,NainikaSai09,2026-04-06,10:40:50,-07:00,2026-04-06T10:40:50-07:00,4,8
resume/index.html,62,html,6f106eb4,NainikaSai09,2026-04-01,21:32:05,-07:00,2026-04-01T21:32:05-07:00,0,0
resume/index.html,63,html,f785317b,NainikaSai09,2026-04-06,10:40:50,-07:00,2026-04-06T10:40:50-07:00,4,7
resume/index.html,64,html,f785317b,NainikaSai09,2026-04-06,10:40:50,-07:00,2026-04-06T10:40:50-07:00,6,33
resume/index.html,65,html,f785317b,NainikaSai09,2026-04-06,10:40:50,-07:00,2026-04-06T10:40:50-07:00,6,2
resume/index.html,66,html,f785317b,NainikaSai09,2026-04-06,10:40:50,-07:00,2026-04-06T10:40:50-07:00,8,82
resume/index.html,67,html,f785317b,NainikaSai09,2026-04-06,10:40:50,-07:00,2026-04-06T10:40:50-07:00,8,70
resume/index.html,68,html,f785317b,NainikaSai09,2026-04-06,10:40:50,-07:00,2026-04-06T10:40:50-07:00,6,3
resume/index.html,69,html,f785317b,NainikaSai09,2026-04-06,10:40:50,-07:00,2026-04-06T10:40:50-07:00,4,8
resume/index.html,70,html,6f106eb4,NainikaSai09,2026-04-01,21:32:05,-07:00,2026-04-01T21:32:05-07:00,0,0
resume/index.html,71,html,f785317b,NainikaSai09,2026-04-06,10:40:50,-07:00,2026-04-06T10:40:50-07:00,2,8
resume/index.html,72,html,6f106eb4,NainikaSai09,2026-04-01,21:32:05,-07:00,2026-04-01T21:32:05-07:00,0,0
resume/index.html,73,html,f785317b,NainikaSai09,2026-04-06,10:40:50,-07:00,2026-04-06T10:40:50-07:00,2,7
resume/index.html,74,html,f785317b,NainikaSai09,2026-04-06,10:40:50,-07:00,2026-04-06T10:40:50-07:00,4,13
resume/index.html,75,html,f785317b,NainikaSai09,2026-04-06,10:40:50,-07:00,2026-04-06T10:40:50-07:00,4,2
resume/index.html,76,html,f785317b,NainikaSai09,2026-04-06,10:40:50,-07:00,2026-04-06T10:40:50-07:00,6,46
resume/index.html,77,html,f785317b,NainikaSai09,2026-04-06,10:40:50,-07:00,2026-04-06T10:40:50-07:00,6,51
resume/index.html,78,html,f785317b,NainikaSai09,2026-04-06,10:40:50,-07:00,2026-04-06T10:40:50-07:00,6,75
resume/index.html,79,html,f785317b,NainikaSai09,2026-04-06,10:40:50,-07:00,2026-04-06T10:40:50-07:00,4,3
resume/index.html,80,html,f785317b,NainikaSai09,2026-04-06,10:40:50,-07:00,2026-04-06T10:40:50-07:00,2,8
resume/index.html,81,html,6f106eb4,NainikaSai09,2026-04-01,21:32:05,-07:00,2026-04-01T21:32:05-07:00,0,0
resume/index.html,82,html,f785317b,NainikaSai09,2026-04-06,10:40:50,-07:00,2026-04-06T10:40:50-07:00,2,4
resume/index.html,83,html,6f106eb4,NainikaSai09,2026-04-01,21:32:05,-07:00,2026-04-01T21:32:05-07:00,0,5
resume/index.html,84,html,6f106eb4,NainikaSai09,2026-04-01,21:32:05,-07:00,2026-04-01T21:32:05-07:00,0,5
projects/projects.js,1,js,01f5aac2,NainikaSai09,2026-04-22,18:56:46,-07:00,2026-04-22T18:56:46-07:00,0,55
projects/projects.js,2,js,9622fab1,NainikaSai09,2026-04-26,13:29:11,-07:00,2026-04-26T13:29:11-07:00,0,63
projects/projects.js,3,js,9622fab1,NainikaSai09,2026-04-26,13:29:11,-07:00,2026-04-26T13:29:11-07:00,0,0
projects/projects.js,4,js,9622fab1,NainikaSai09,2026-04-26,13:29:11,-07:00,2026-04-26T13:29:11-07:00,0,13
projects/projects.js,5,js,9622fab1,NainikaSai09,2026-04-26,13:29:11,-07:00,2026-04-26T13:29:11-07:00,0,21
projects/projects.js,6,js,9622fab1,NainikaSai09,2026-04-26,13:29:11,-07:00,2026-04-26T13:29:11-07:00,0,0
projects/projects.js,7,js,9622fab1,NainikaSai09,2026-04-26,13:29:11,-07:00,2026-04-26T13:29:11-07:00,0,54
projects/projects.js,8,js,9622fab1,NainikaSai09,2026-04-26,13:29:11,-07:00,2026-04-26T13:29:11-07:00,1,38
projects/projects.js,9,js,9622fab1,NainikaSai09,2026-04-26,13:29:11,-07:00,2026-04-26T13:29:11-07:00,0,0
projects/projects.js,10,js,9622fab1,NainikaSai09,2026-04-26,13:29:11,-07:00,2026-04-26T13:29:11-07:00,2,13
projects/projects.js,11,js,9622fab1,NainikaSai09,2026-04-26,13:29:11,-07:00,2026-04-26T13:29:11-07:00,2,40
projects/projects.js,12,js,9622fab1,NainikaSai09,2026-04-26,13:29:11,-07:00,2026-04-26T13:29:11-07:00,3,8
projects/projects.js,13,js,9622fab1,NainikaSai09,2026-04-26,13:29:11,-07:00,2026-04-26T13:29:11-07:00,3,12
projects/projects.js,14,js,9622fab1,NainikaSai09,2026-04-26,13:29:11,-07:00,2026-04-26T13:29:11-07:00,3,15
projects/projects.js,15,js,9622fab1,NainikaSai09,2026-04-26,13:29:11,-07:00,2026-04-26T13:29:11-07:00,0,0
projects/projects.js,16,js,9622fab1,NainikaSai09,2026-04-26,13:29:11,-07:00,2026-04-26T13:29:11-07:00,2,11
projects/projects.js,17,js,9622fab1,NainikaSai09,2026-04-26,13:29:11,-07:00,2026-04-26T13:29:11-07:00,2,15
projects/projects.js,18,js,9622fab1,NainikaSai09,2026-04-26,13:29:11,-07:00,2026-04-26T13:29:11-07:00,3,21
projects/projects.js,19,js,9622fab1,NainikaSai09,2026-04-26,13:29:11,-07:00,2026-04-26T13:29:11-07:00,3,49
projects/projects.js,20,js,9622fab1,NainikaSai09,2026-04-26,13:29:11,-07:00,2026-04-26T13:29:11-07:00,0,0
projects/projects.js,21,js,9622fab1,NainikaSai09,2026-04-26,13:29:11,-07:00,2026-04-26T13:29:11-07:00,2,34
projects/projects.js,22,js,9622fab1,NainikaSai09,2026-04-26,13:29:11,-07:00,2026-04-26T13:29:11-07:00,1,1
projects/projects.js,23,js,9622fab1,NainikaSai09,2026-04-26,13:29:11,-07:00,2026-04-26T13:29:11-07:00,0,0
projects/projects.js,24,js,9622fab1,NainikaSai09,2026-04-26,13:29:11,-07:00,2026-04-26T13:29:11-07:00,0,0
projects/projects.js,25,js,9622fab1,NainikaSai09,2026-04-26,13:29:11,-07:00,2026-04-26T13:29:11-07:00,0,0
projects/projects.js,26,js,01f5aac2,NainikaSai09,2026-04-22,18:56:46,-07:00,2026-04-22T18:56:46-07:00,0,55
projects/projects.js,27,js,01f5aac2,NainikaSai09,2026-04-22,18:56:46,-07:00,2026-04-22T18:56:46-07:00,0,60
projects/projects.js,28,js,9622fab1,NainikaSai09,2026-04-26,13:29:11,-07:00,2026-04-26T13:29:11-07:00,0,0
projects/projects.js,29,js,9622fab1,NainikaSai09,2026-04-26,13:29:11,-07:00,2026-04-26T13:29:11-07:00,0,0
projects/projects.js,30,js,01f5aac2,NainikaSai09,2026-04-22,18:56:46,-07:00,2026-04-22T18:56:46-07:00,0,48
projects/projects.js,31,js,01f5aac2,NainikaSai09,2026-04-22,18:56:46,-07:00,2026-04-22T18:56:46-07:00,0,0
projects/projects.js,32,js,9622fab1,NainikaSai09,2026-04-26,13:29:11,-07:00,2026-04-26T13:29:11-07:00,0,23
projects/projects.js,33,js,9622fab1,NainikaSai09,2026-04-26,13:29:11,-07:00,2026-04-26T13:29:11-07:00,0,0
projects/projects.js,34,js,01f5aac2,NainikaSai09,2026-04-22,18:56:46,-07:00,2026-04-22T18:56:46-07:00,0,62
projects/projects.js,35,js,01f5aac2,NainikaSai09,2026-04-22,18:56:46,-07:00,2026-04-22T18:56:46-07:00,0,0
projects/projects.js,36,js,01f5aac2,NainikaSai09,2026-04-22,18:56:46,-07:00,2026-04-22T18:56:46-07:00,0,18
projects/projects.js,37,js,01f5aac2,NainikaSai09,2026-04-22,18:56:46,-07:00,2026-04-22T18:56:46-07:00,1,58
projects/projects.js,38,js,9622fab1,NainikaSai09,2026-04-26,13:29:11,-07:00,2026-04-26T13:29:11-07:00,0,0
projects/projects.js,39,js,9622fab1,NainikaSai09,2026-04-26,13:29:11,-07:00,2026-04-26T13:29:11-07:00,0,0
projects/projects.js,40,js,9622fab1,NainikaSai09,2026-04-26,13:29:11,-07:00,2026-04-26T13:29:11-07:00,0,53
projects/projects.js,41,js,9622fab1,NainikaSai09,2026-04-26,13:29:11,-07:00,2026-04-26T13:29:11-07:00,0,48
projects/projects.js,42,js,9622fab1,NainikaSai09,2026-04-26,13:29:11,-07:00,2026-04-26T13:29:11-07:00,1,19
projects/projects.js,43,js,9622fab1,NainikaSai09,2026-04-26,13:29:11,-07:00,2026-04-26T13:29:11-07:00,1,39
projects/projects.js,44,js,9622fab1,NainikaSai09,2026-04-26,13:29:11,-07:00,2026-04-26T13:29:11-07:00,1,16
projects/projects.js,45,js,9622fab1,NainikaSai09,2026-04-26,13:29:11,-07:00,2026-04-26T13:29:11-07:00,1,62
projects/projects.js,46,js,9622fab1,NainikaSai09,2026-04-26,13:29:11,-07:00,2026-04-26T13:29:11-07:00,2,7
projects/projects.js,47,js,9622fab1,NainikaSai09,2026-04-26,13:29:11,-07:00,2026-04-26T13:29:11-07:00,2,14
projects/projects.js,48,js,9622fab1,NainikaSai09,2026-04-26,13:29:11,-07:00,2026-04-26T13:29:11-07:00,2,11
projects/projects.js,49,js,9622fab1,NainikaSai09,2026-04-26,13:29:11,-07:00,2026-04-26T13:29:11-07:00,1,57
projects/projects.js,50,js,9622fab1,NainikaSai09,2026-04-26,13:29:11,-07:00,2026-04-26T13:29:11-07:00,0,0
projects/projects.js,51,js,9622fab1,NainikaSai09,2026-04-26,13:29:11,-07:00,2026-04-26T13:29:11-07:00,1,56
projects/projects.js,52,js,9622fab1,NainikaSai09,2026-04-26,13:29:11,-07:00,2026-04-26T13:29:11-07:00,1,31
projects/projects.js,53,js,9622fab1,NainikaSai09,2026-04-26,13:29:11,-07:00,2026-04-26T13:29:11-07:00,0,1
projects/projects.js,54,js,9622fab1,NainikaSai09,2026-04-26,13:29:11,-07:00,2026-04-26T13:29:11-07:00,0,0
projects/projects.js,55,js,9622fab1,NainikaSai09,2026-04-26,13:29:11,-07:00,2026-04-26T13:29:11-07:00,0,0
projects/projects.js,56,js,9622fab1,NainikaSai09,2026-04-26,13:29:11,-07:00,2026-04-26T13:29:11-07:00,0,38
projects/projects.js,57,js,9622fab1,NainikaSai09,2026-04-26,13:29:11,-07:00,2026-04-26T13:29:11-07:00,0,0
projects/projects.js,58,js,9622fab1,NainikaSai09,2026-04-26,13:29:11,-07:00,2026-04-26T13:29:11-07:00,1,16
projects/projects.js,59,js,9622fab1,NainikaSai09,2026-04-26,13:29:11,-07:00,2026-04-26T13:29:11-07:00,1,29
projects/projects.js,60,js,9622fab1,NainikaSai09,2026-04-26,13:29:11,-07:00,2026-04-26T13:29:11-07:00,2,12
projects/projects.js,61,js,9622fab1,NainikaSai09,2026-04-26,13:29:11,-07:00,2026-04-26T13:29:11-07:00,2,14
projects/projects.js,62,js,9622fab1,NainikaSai09,2026-04-26,13:29:11,-07:00,2026-04-26T13:29:11-07:00,2,11
projects/projects.js,63,js,9622fab1,NainikaSai09,2026-04-26,13:29:11,-07:00,2026-04-26T13:29:11-07:00,1,0
projects/projects.js,64,js,9622fab1,NainikaSai09,2026-04-26,13:29:11,-07:00,2026-04-26T13:29:11-07:00,0,0
projects/projects.js,65,js,9622fab1,NainikaSai09,2026-04-26,13:29:11,-07:00,2026-04-26T13:29:11-07:00,1,24
projects/projects.js,66,js,9622fab1,NainikaSai09,2026-04-26,13:29:11,-07:00,2026-04-26T13:29:11-07:00,1,51
projects/projects.js,67,js,9622fab1,NainikaSai09,2026-04-26,13:29:11,-07:00,2026-04-26T13:29:11-07:00,2,11
projects/projects.js,68,js,9622fab1,NainikaSai09,2026-04-26,13:29:11,-07:00,2026-04-26T13:29:11-07:00,2,9
projects/projects.js,69,js,9622fab1,NainikaSai09,2026-04-26,13:29:11,-07:00,2026-04-26T13:29:11-07:00,1,2
projects/projects.js,70,js,9622fab1,NainikaSai09,2026-04-26,13:29:11,-07:00,2026-04-26T13:29:11-07:00,0,0
projects/projects.js,71,js,9622fab1,NainikaSai09,2026-04-26,13:29:11,-07:00,2026-04-26T13:29:11-07:00,1,14
projects/projects.js,72,js,9622fab1,NainikaSai09,2026-04-26,13:29:11,-07:00,2026-04-26T13:29:11-07:00,1,60
projects/projects.js,73,js,9622fab1,NainikaSai09,2026-04-26,13:29:11,-07:00,2026-04-26T13:29:11-07:00,1,53
projects/projects.js,74,js,9622fab1,NainikaSai09,2026-04-26,13:29:11,-07:00,2026-04-26T13:29:11-07:00,0,0
projects/projects.js,75,js,9622fab1,NainikaSai09,2026-04-26,13:29:11,-07:00,2026-04-26T13:29:11-07:00,1,16
projects/projects.js,76,js,9622fab1,NainikaSai09,2026-04-26,13:29:11,-07:00,2026-04-26T13:29:11-07:00,1,42
projects/projects.js,77,js,9622fab1,NainikaSai09,2026-04-26,13:29:11,-07:00,2026-04-26T13:29:11-07:00,1,54
projects/projects.js,78,js,9622fab1,NainikaSai09,2026-04-26,13:29:11,-07:00,2026-04-26T13:29:11-07:00,0,0
projects/projects.js,79,js,9622fab1,NainikaSai09,2026-04-26,13:29:11,-07:00,2026-04-26T13:29:11-07:00,1,47
projects/projects.js,80,js,9622fab1,NainikaSai09,2026-04-26,13:29:11,-07:00,2026-04-26T13:29:11-07:00,0,0
projects/projects.js,81,js,9622fab1,NainikaSai09,2026-04-26,13:29:11,-07:00,2026-04-26T13:29:11-07:00,1,19
projects/projects.js,82,js,9622fab1,NainikaSai09,2026-04-26,13:29:11,-07:00,2026-04-26T13:29:11-07:00,1,40
projects/projects.js,83,js,9622fab1,NainikaSai09,2026-04-26,13:29:11,-07:00,2026-04-26T13:29:11-07:00,1,29
projects/projects.js,84,js,9622fab1,NainikaSai09,2026-04-26,13:29:11,-07:00,2026-04-26T13:29:11-07:00,0,0
projects/projects.js,85,js,9622fab1,NainikaSai09,2026-04-26,13:29:11,-07:00,2026-04-26T13:29:11-07:00,1,32
projects/projects.js,86,js,9622fab1,NainikaSai09,2026-04-26,13:29:11,-07:00,2026-04-26T13:29:11-07:00,1,30
projects/projects.js,87,js,9622fab1,NainikaSai09,2026-04-26,13:29:11,-07:00,2026-04-26T13:29:11-07:00,0,0
projects/projects.js,88,js,9622fab1,NainikaSai09,2026-04-26,13:29:11,-07:00,2026-04-26T13:29:11-07:00,1,15
projects/projects.js,89,js,9622fab1,NainikaSai09,2026-04-26,13:29:11,-07:00,2026-04-26T13:29:11-07:00,1,27
projects/projects.js,90,js,9622fab1,NainikaSai09,2026-04-26,13:29:11,-07:00,2026-04-26T13:29:11-07:00,1,16
projects/projects.js,91,js,9622fab1,NainikaSai09,2026-04-26,13:29:11,-07:00,2026-04-26T13:29:11-07:00,2,13
projects/projects.js,92,js,9622fab1,NainikaSai09,2026-04-26,13:29:11,-07:00,2026-04-26T13:29:11-07:00,2,22
projects/projects.js,93,js,9622fab1,NainikaSai09,2026-04-26,13:29:11,-07:00,2026-04-26T13:29:11-07:00,2,51
projects/projects.js,94,js,9622fab1,NainikaSai09,2026-04-26,13:29:11,-07:00,2026-04-26T13:29:11-07:00,2,18
projects/projects.js,95,js,9622fab1,NainikaSai09,2026-04-26,13:29:11,-07:00,2026-04-26T13:29:11-07:00,0,0
projects/projects.js,96,js,9622fab1,NainikaSai09,2026-04-26,13:29:11,-07:00,2026-04-26T13:29:11-07:00,1,17
projects/projects.js,97,js,9622fab1,NainikaSai09,2026-04-26,13:29:11,-07:00,2026-04-26T13:29:11-07:00,3,43
projects/projects.js,98,js,9622fab1,NainikaSai09,2026-04-26,13:29:11,-07:00,2026-04-26T13:29:11-07:00,0,0
projects/projects.js,99,js,9622fab1,NainikaSai09,2026-04-26,13:29:11,-07:00,2026-04-26T13:29:11-07:00,1,23
projects/projects.js,100,js,9622fab1,NainikaSai09,2026-04-26,13:29:11,-07:00,2026-04-26T13:29:11-07:00,3,19
projects/projects.js,101,js,9622fab1,NainikaSai09,2026-04-26,13:29:11,-07:00,2026-04-26T13:29:11-07:00,4,24
projects/projects.js,102,js,9622fab1,NainikaSai09,2026-04-26,13:29:11,-07:00,2026-04-26T13:29:11-07:00,5,37
projects/projects.js,103,js,9622fab1,NainikaSai09,2026-04-26,13:29:11,-07:00,2026-04-26T13:29:11-07:00,4,0
projects/projects.js,104,js,9622fab1,NainikaSai09,2026-04-26,13:29:11,-07:00,2026-04-26T13:29:11-07:00,0,0
projects/projects.js,105,js,9622fab1,NainikaSai09,2026-04-26,13:29:11,-07:00,2026-04-26T13:29:11-07:00,1,24
projects/projects.js,106,js,9622fab1,NainikaSai09,2026-04-26,13:29:11,-07:00,2026-04-26T13:29:11-07:00,3,20
projects/projects.js,107,js,9622fab1,NainikaSai09,2026-04-26,13:29:11,-07:00,2026-04-26T13:29:11-07:00,4,24
projects/projects.js,108,js,9622fab1,NainikaSai09,2026-04-26,13:29:11,-07:00,2026-04-26T13:29:11-07:00,5,60
projects/projects.js,109,js,9622fab1,NainikaSai09,2026-04-26,13:29:11,-07:00,2026-04-26T13:29:11-07:00,4,0
projects/projects.js,110,js,9622fab1,NainikaSai09,2026-04-26,13:29:11,-07:00,2026-04-26T13:29:11-07:00,0,0
projects/projects.js,111,js,9622fab1,NainikaSai09,2026-04-26,13:29:11,-07:00,2026-04-26T13:29:11-07:00,1,0
projects/projects.js,112,js,9622fab1,NainikaSai09,2026-04-26,13:29:11,-07:00,2026-04-26T13:29:11-07:00,3,60
projects/projects.js,113,js,9622fab1,NainikaSai09,2026-04-26,13:29:11,-07:00,2026-04-26T13:29:11-07:00,3,56
projects/projects.js,114,js,9622fab1,NainikaSai09,2026-04-26,13:29:11,-07:00,2026-04-26T13:29:11-07:00,2,1
projects/projects.js,115,js,9622fab1,NainikaSai09,2026-04-26,13:29:11,-07:00,2026-04-26T13:29:11-07:00,2,1
projects/projects.js,116,js,9622fab1,NainikaSai09,2026-04-26,13:29:11,-07:00,2026-04-26T13:29:11-07:00,0,0
projects/projects.js,117,js,9622fab1,NainikaSai09,2026-04-26,13:29:11,-07:00,2026-04-26T13:29:11-07:00,1,15
projects/projects.js,118,js,9622fab1,NainikaSai09,2026-04-26,13:29:11,-07:00,2026-04-26T13:29:11-07:00,1,27
projects/projects.js,119,js,9622fab1,NainikaSai09,2026-04-26,13:29:11,-07:00,2026-04-26T13:29:11-07:00,2,17
projects/projects.js,120,js,9622fab1,NainikaSai09,2026-04-26,13:29:11,-07:00,2026-04-26T13:29:11-07:00,3,38
projects/projects.js,121,js,9622fab1,NainikaSai09,2026-04-26,13:29:11,-07:00,2026-04-26T13:29:11-07:00,3,76
projects/projects.js,122,js,9622fab1,NainikaSai09,2026-04-26,13:29:11,-07:00,2026-04-26T13:29:11-07:00,3,5
projects/projects.js,123,js,9622fab1,NainikaSai09,2026-04-26,13:29:11,-07:00,2026-04-26T13:29:11-07:00,4,26
projects/projects.js,124,js,9622fab1,NainikaSai09,2026-04-26,13:29:11,-07:00,2026-04-26T13:29:11-07:00,4,30
projects/projects.js,125,js,9622fab1,NainikaSai09,2026-04-26,13:29:11,-07:00,2026-04-26T13:29:11-07:00,3,1
projects/projects.js,126,js,9622fab1,NainikaSai09,2026-04-26,13:29:11,-07:00,2026-04-26T13:29:11-07:00,1,1
projects/projects.js,127,js,9622fab1,NainikaSai09,2026-04-26,13:29:11,-07:00,2026-04-26T13:29:11-07:00,0,0
projects/projects.js,128,js,9622fab1,NainikaSai09,2026-04-26,13:29:11,-07:00,2026-04-26T13:29:11-07:00,0,0
projects/projects.js,129,js,9622fab1,NainikaSai09,2026-04-26,13:29:11,-07:00,2026-04-26T13:29:11-07:00,0,0
projects/index.html,1,html,6f106eb4,NainikaSai09,2026-04-01,21:32:05,-07:00,2026-04-01T21:32:05-07:00,0,13
projects/index.html,2,html,6f106eb4,NainikaSai09,2026-04-01,21:32:05,-07:00,2026-04-01T21:32:05-07:00,0,14
projects/index.html,3,html,6f106eb4,NainikaSai09,2026-04-01,21:32:05,-07:00,2026-04-01T21:32:05-07:00,0,4
projects/index.html,4,html,6f106eb4,NainikaSai09,2026-04-01,21:32:05,-07:00,2026-04-01T21:32:05-07:00,2,20
projects/index.html,5,html,6f106eb4,NainikaSai09,2026-04-01,21:32:05,-07:00,2026-04-01T21:32:05-07:00,2,68
projects/index.html,6,html,6f106eb4,NainikaSai09,2026-04-01,21:32:05,-07:00,2026-04-01T21:32:05-07:00,2,42
projects/index.html,7,html,6f106eb4,NainikaSai09,2026-04-01,21:32:05,-07:00,2026-04-01T21:32:05-07:00,2,41
projects/index.html,8,html,09bfde45,NainikaSai09,2026-04-14,14:20:37,-07:00,2026-04-14T14:20:37-07:00,2,48
projects/index.html,9,html,01f5aac2,NainikaSai09,2026-04-22,18:56:46,-07:00,2026-04-22T18:56:46-07:00,2,47
projects/index.html,10,html,6f106eb4,NainikaSai09,2026-04-01,21:32:05,-07:00,2026-04-01T21:32:05-07:00,0,5
projects/index.html,11,html,6f106eb4,NainikaSai09,2026-04-01,21:32:05,-07:00,2026-04-01T21:32:05-07:00,0,4
projects/index.html,12,html,6f106eb4,NainikaSai09,2026-04-01,21:32:05,-07:00,2026-04-01T21:32:05-07:00,0,0
projects/index.html,13,html,01f5aac2,NainikaSai09,2026-04-22,18:56:46,-07:00,2026-04-22T18:56:46-07:00,2,38
projects/index.html,14,html,f785317b,NainikaSai09,2026-04-06,10:40:50,-07:00,2026-04-06T10:40:50-07:00,0,0
projects/index.html,15,html,9622fab1,NainikaSai09,2026-04-26,13:29:11,-07:00,2026-04-26T13:29:11-07:00,2,27
projects/index.html,16,html,9622fab1,NainikaSai09,2026-04-26,13:29:11,-07:00,2026-04-26T13:29:11-07:00,3,58
projects/index.html,17,html,9622fab1,NainikaSai09,2026-04-26,13:29:11,-07:00,2026-04-26T13:29:11-07:00,3,22
projects/index.html,18,html,9622fab1,NainikaSai09,2026-04-26,13:29:11,-07:00,2026-04-26T13:29:11-07:00,2,4
projects/index.html,19,html,9622fab1,NainikaSai09,2026-04-26,13:29:11,-07:00,2026-04-26T13:29:11-07:00,0,0
projects/index.html,20,html,9622fab1,NainikaSai09,2026-04-26,13:29:11,-07:00,2026-04-26T13:29:11-07:00,2,4
projects/index.html,21,html,9622fab1,NainikaSai09,2026-04-26,13:29:11,-07:00,2026-04-26T13:29:11-07:00,3,15
projects/index.html,22,html,9622fab1,NainikaSai09,2026-04-26,13:29:11,-07:00,2026-04-26T13:29:11-07:00,3,11
projects/index.html,23,html,9622fab1,NainikaSai09,2026-04-26,13:29:11,-07:00,2026-04-26T13:29:11-07:00,3,26
projects/index.html,24,html,9622fab1,NainikaSai09,2026-04-26,13:29:11,-07:00,2026-04-26T13:29:11-07:00,3,31
projects/index.html,25,html,9622fab1,NainikaSai09,2026-04-26,13:29:11,-07:00,2026-04-26T13:29:11-07:00,2,0
projects/index.html,26,html,9622fab1,NainikaSai09,2026-04-26,13:29:11,-07:00,2026-04-26T13:29:11-07:00,0,0
projects/index.html,27,html,9622fab1,NainikaSai09,2026-04-26,13:29:11,-07:00,2026-04-26T13:29:11-07:00,0,0
projects/index.html,28,html,9622fab1,NainikaSai09,2026-04-26,13:29:11,-07:00,2026-04-26T13:29:11-07:00,0,0
projects/index.html,29,html,9622fab1,NainikaSai09,2026-04-26,13:29:11,-07:00,2026-04-26T13:29:11-07:00,2,27
projects/index.html,30,html,9622fab1,NainikaSai09,2026-04-26,13:29:11,-07:00,2026-04-26T13:29:11-07:00,2,0
projects/index.html,31,html,6f106eb4,NainikaSai09,2026-04-01,21:32:05,-07:00,2026-04-01T21:32:05-07:00,0,5
projects/index.html,32,html,6f106eb4,NainikaSai09,2026-04-01,21:32:05,-07:00,2026-04-01T21:32:05-07:00,0,5
contact/index.html,1,html,6f106eb4,NainikaSai09,2026-04-01,21:32:05,-07:00,2026-04-01T21:32:05-07:00,0,13
contact/index.html,2,html,6f106eb4,NainikaSai09,2026-04-01,21:32:05,-07:00,2026-04-01T21:32:05-07:00,0,14
contact/index.html,3,html,6f106eb4,NainikaSai09,2026-04-01,21:32:05,-07:00,2026-04-01T21:32:05-07:00,0,4
contact/index.html,4,html,6f106eb4,NainikaSai09,2026-04-01,21:32:05,-07:00,2026-04-01T21:32:05-07:00,2,20
contact/index.html,5,html,6f106eb4,NainikaSai09,2026-04-01,21:32:05,-07:00,2026-04-01T21:32:05-07:00,2,68
contact/index.html,6,html,6f106eb4,NainikaSai09,2026-04-01,21:32:05,-07:00,2026-04-01T21:32:05-07:00,2,41
contact/index.html,7,html,6f106eb4,NainikaSai09,2026-04-01,21:32:05,-07:00,2026-04-01T21:32:05-07:00,2,41
contact/index.html,8,html,09bfde45,NainikaSai09,2026-04-14,14:20:37,-07:00,2026-04-14T14:20:37-07:00,2,48
contact/index.html,9,html,6f106eb4,NainikaSai09,2026-04-01,21:32:05,-07:00,2026-04-01T21:32:05-07:00,0,5
contact/index.html,10,html,6f106eb4,NainikaSai09,2026-04-01,21:32:05,-07:00,2026-04-01T21:32:05-07:00,0,4
contact/index.html,11,html,6f106eb4,NainikaSai09,2026-04-01,21:32:05,-07:00,2026-04-01T21:32:05-07:00,0,0
contact/index.html,12,html,f785317b,NainikaSai09,2026-04-06,10:40:50,-07:00,2026-04-06T10:40:50-07:00,2,17
contact/index.html,13,html,6f106eb4,NainikaSai09,2026-04-01,21:32:05,-07:00,2026-04-01T21:32:05-07:00,0,0
contact/index.html,14,html,09bfde45,NainikaSai09,2026-04-14,14:20:37,-07:00,2026-04-14T14:20:37-07:00,2,41
contact/index.html,15,html,6f106eb4,NainikaSai09,2026-04-01,21:32:05,-07:00,2026-04-01T21:32:05-07:00,0,0
contact/index.html,16,html,6f106eb4,NainikaSai09,2026-04-01,21:32:05,-07:00,2026-04-01T21:32:05-07:00,1,5
contact/index.html,17,html,6f106eb4,NainikaSai09,2026-04-01,21:32:05,-07:00,2026-04-01T21:32:05-07:00,2,6
contact/index.html,18,html,6f106eb4,NainikaSai09,2026-04-01,21:32:05,-07:00,2026-04-01T21:32:05-07:00,2,35
contact/index.html,19,html,6f106eb4,NainikaSai09,2026-04-01,21:32:05,-07:00,2026-04-01T21:32:05-07:00,1,6
contact/index.html,20,html,6f106eb4,NainikaSai09,2026-04-01,21:32:05,-07:00,2026-04-01T21:32:05-07:00,1,6
contact/index.html,21,html,6f106eb4,NainikaSai09,2026-04-01,21:32:05,-07:00,2026-04-01T21:32:05-07:00,0,0
contact/index.html,22,html,6f106eb4,NainikaSai09,2026-04-01,21:32:05,-07:00,2026-04-01T21:32:05-07:00,1,5
contact/index.html,23,html,f785317b,NainikaSai09,2026-04-06,10:40:50,-07:00,2026-04-06T10:40:50-07:00,2,6
contact/index.html,24,html,6f106eb4,NainikaSai09,2026-04-01,21:32:05,-07:00,2026-04-01T21:32:05-07:00,2,75
contact/index.html,25,html,6f106eb4,NainikaSai09,2026-04-01,21:32:05,-07:00,2026-04-01T21:32:05-07:00,1,6
contact/index.html,26,html,6f106eb4,NainikaSai09,2026-04-01,21:32:05,-07:00,2026-04-01T21:32:05-07:00,1,6
contact/index.html,27,html,6f106eb4,NainikaSai09,2026-04-01,21:32:05,-07:00,2026-04-01T21:32:05-07:00,0,0
contact/index.html,28,html,6f106eb4,NainikaSai09,2026-04-01,21:32:05,-07:00,2026-04-01T21:32:05-07:00,1,19
contact/index.html,29,html,6f106eb4,NainikaSai09,2026-04-01,21:32:05,-07:00,2026-04-01T21:32:05-07:00,0,0
contact/index.html,30,html,6f106eb4,NainikaSai09,2026-04-01,21:32:05,-07:00,2026-04-01T21:32:05-07:00,0,5
contact/index.html,31,html,6f106eb4,NainikaSai09,2026-04-01,21:32:05,-07:00,2026-04-01T21:32:05-07:00,0,0
contact/index.html,32,html,6f106eb4,NainikaSai09,2026-04-01,21:32:05,-07:00,2026-04-01T21:32:05-07:00,0,5
contact/index.html,33,html,6f106eb4,NainikaSai09,2026-04-01,21:32:05,-07:00,2026-04-01T21:32:05-07:00,0,5
